filename,brightness,colorfulness,contrast,energy,overexposed,psnr,saturation,sharpness,signalnoise,skewness,spectralcentroid,underexposed
Town01_011640.png,0.4718061629256966,0.10152598924751094,0.14074621552126237,0.24241055255822663,0.0,0.3406252917575381,0.20395250618457794,0.007771055666848783,0.7702299093045564,-1.8270898558664312,0.3308079939429767,0.030263158
Town03_013940.png,0.41397534507223943,0.11133036161171624,0.16258426074236706,0.19780922816882165,0.0,0.31556859608620746,0.20307546854019165,0.00675455619296222,0.7180096227157413,-0.7149623306322188,0.30956843908019543,0.02462171
Town02_009960.png,0.4116547020123839,0.11423345008973172,0.18248699233733598,0.20276109606123147,0.0,0.29550723439146437,0.2608029842376709,0.01308085592079969,0.6928561080631845,-0.8008449071490809,0.34134578526160997,0.045612663
Town04_002760.png,0.44678921568627455,0.10090067200692288,0.13335658016949795,0.21740458072806,0.0,0.34999423104765,0.17904257774353027,0.006224111804164389,0.7701326439796309,-0.8474001100064451,0.3236134531676301,0.016739309
Town01_001260.png,0.36487287151702785,0.10298411659810215,0.20328741518578197,0.17445798554199798,0.0,0.2767557771540632,0.26566314697265625,0.010068089702341203,0.6422005902758551,-0.5570333469592824,0.32578898594026406,0.14849506
Town02_004740.png,0.4391477360681114,0.11185035203622062,0.15937120400422966,0.21824991475950548,0.0,0.3190360476460814,0.23145104944705963,0.008853658511908377,0.7337240421936514,-1.0515103384147906,0.3251135120431265,0.029099505
Town03_016520.png,0.3284000580495356,0.0878264951649013,0.17706100840787112,0.13919719882535056,0.0,0.3007508348749786,0.24826353788375854,0.007042224650438092,0.6497039630088504,-0.17919506043079927,0.3303227785372992,0.09170642
Town03_015060.png,0.20990433114035087,0.12036710972028322,0.15011624300926438,0.06659471464669457,0.0,0.32942891829618337,0.41116079688072205,0.012585705017301036,0.5830342657868657,0.7890943257948535,0.3325965502813468,0.15042353
Town01_011580.png,0.4625501644736842,0.10711051489102898,0.1461441190849828,0.23531075819775807,0.0,0.33408745889889685,0.20786117017269135,0.008539698167708778,0.7599055501879092,-1.4711186941523013,0.32388538780192544,0.03000411
Town01_010560.png,0.37733512319401447,0.09388538293009213,0.19897783150027898,0.18197397262439544,0.0,0.28047812424010593,0.2825603485107422,0.008718707759161455,0.6547399639289676,-0.6294470843509992,0.3330226488703774,0.10854852
Town02_009900.png,0.3669563983488132,0.09570687413996773,0.20642788223478878,0.17726946885307263,0.0,0.2740926796840115,0.27074986696243286,0.01114543368947166,0.639983359763927,-0.5877175813921438,0.33896462279260525,0.14793587
Town02_010200.png,0.33346462203302374,0.134211401783755,0.20889042395404575,0.15483386336732827,0.0,0.27203257475133547,0.3450506925582886,0.013338707278577068,0.6148456153883787,-0.15347046345362897,0.3322276530226761,0.142463
Town03_018640.png,0.231937596749226,0.11276925376879784,0.13619674088601955,0.07234460101378014,0.0,0.34633330536036205,0.39460769295692444,0.01162980432627128,0.6300352154444416,0.6545090335980214,0.32341768993833503,0.1150658
Town03_018740.png,0.24604323077915374,0.1040104154304459,0.16295911579042588,0.08709294483144134,0.0,0.31516852770169607,0.3872665464878082,0.010316763289423096,0.6015692399302796,0.5771496521576498,0.32634952485760615,0.14442846
Town03_019680.png,0.37944143446852424,0.09590654232909229,0.16728042004764368,0.17195854112284747,0.0,0.3106219418157957,0.21450532972812653,0.007971026452376618,0.6940301202649041,-0.5796683756876371,0.3330969804997901,0.057853617
Town01_006780.png,0.34873710010319914,0.09981812905176045,0.19349330369398052,0.15905722356279978,0.0,0.28533361389865697,0.30207690596580505,0.014963618117525649,0.6431529800538849,-0.3459582810625958,0.35399464082477045,0.0948273
Town03_015540.png,0.38456998194014447,0.09305380525491859,0.1754797373972295,0.17868720924644357,0.0,0.30230920551488333,0.21808892488479614,0.007391939840951861,0.6866711447837567,-0.586937097753885,0.3199201955870023,0.055275492
Town02_002040.png,0.3286886771155831,0.10834888251449806,0.2162685914009711,0.15480835009055222,0.0,0.2660026121967734,0.3291899561882019,0.013637826291507312,0.6031457805612253,-0.13174645078792097,0.32787502817677355,0.1581949
Town02_005820.png,0.3806833720330237,0.15390305807938515,0.1796984541789386,0.17721136417673355,9.8684206e-05,0.2981822612269972,0.2976503372192383,0.012494142308626235,0.6793285474293581,-0.5782187399650314,0.3322325465636087,0.06584293
Town01_008580.png,0.44879458526831784,0.1007929354459861,0.17011925715405757,0.23035714142080985,0.0,0.30769861301808343,0.21410056948661804,0.008536323579999594,0.7251325701220996,-1.2368337249075612,0.316286735676327,0.03175987
Town03_019580.png,0.38712490325077403,0.09521052335133913,0.15729401694745887,0.17460709848438863,0.0,0.3213151130516612,0.18926413357257843,0.009242010537445111,0.7110790769026346,-0.6345753408322405,0.32313015637904585,0.049543586
Town02_008880.png,0.3903917376160991,0.12425845206396109,0.19598760902858095,0.1908168516916569,0.0,0.2831085343818918,0.2740417718887329,0.01291075699629697,0.6657665209797211,-0.692506018813379,0.3255531779413599,0.10227385
Town04_003420.png,0.39120651122291017,0.10215906614852363,0.16968958906610468,0.1818370910606243,0.0,0.30813790892436316,0.2054109275341034,0.008752922458973267,0.6974669836249177,-0.6097794771819641,0.32754328830691154,0.063770555
Town03_013060.png,0.38077760577915376,0.09165818015354549,0.16384836089044305,0.1718378704293895,0.0,0.31422313368320454,0.1818305104970932,0.009005312986907871,0.6991543353692843,-0.5623331440449488,0.32584221215627424,0.03971628
Town03_019440.png,0.38704229553663566,0.09566824277900533,0.15740046382672856,0.17457664454713775,0.0,0.3211975798082964,0.19004850089550018,0.00930230376980514,0.7108962124160478,-0.6305027010885519,0.3232260547628576,0.04960526
Town04_002160.png,0.43858621968524253,0.08970269925501638,0.1294557383129896,0.20911666027995313,0.0,0.35515145731052955,0.15598702430725098,0.007372333262510369,0.7721018024804586,-1.090275408871326,0.33658289757314275,0.023120888
Town02_006120.png,0.3735062242002064,0.09913222099083878,0.17421576839560954,0.1698580334739675,0.0,0.3035650048651259,0.23726393282413483,0.008713474953965074,0.6819266511525457,-0.5057665847087436,0.3152274797337385,0.03777138
Town03_018620.png,0.2334420633384933,0.11369432831876407,0.13953225524265397,0.07396444718883427,0.0,0.3421301473535515,0.38889792561531067,0.012090246539792387,0.6258931290551012,0.5959098309415589,0.325826063219962,0.12530428
Town03_016840.png,0.2896213396542828,0.09181794095100726,0.1858246783966185,0.11841133148434815,0.0,0.2923586349142714,0.26916801929473877,0.012655614110969465,0.6091571464152791,0.035530300283595356,0.33557671480155765,0.13566612
Town01_006120.png,0.46210856875644996,0.10154542158720224,0.14077587230831468,0.23336217554230165,0.0,0.34058870243580697,0.20140211284160614,0.005983206484348126,0.7664960931986456,-1.290320920404129,0.32369950093913713,0.016591283
Town02_008340.png,0.36128811919504644,0.09981395275624427,0.17920201984957024,0.1626424689896598,0.0,0.298662824579292,0.2485869973897934,0.009024343622898072,0.6684453481564981,-0.43015599130823823,0.31379630522332835,0.056036185
Town01_005520.png,0.4565595168988648,0.09265632051409343,0.1425357695243138,0.2287630380648131,0.0,0.3384304435455903,0.1836661398410797,0.007245862421335923,0.7620816374550518,-1.5193496214342996,0.3408008246505391,0.0240625
Town03_016100.png,0.394313064370485,0.09865081877238507,0.17143050021637796,0.1848712091376798,0.0,0.3063647736081387,0.1877439171075821,0.009066471144701431,0.6969819703227229,-0.6642356176831173,0.3221339857738355,0.06988898
Town02_007680.png,0.3984539796181631,0.09581123426768892,0.17662770559810584,0.18996292025840258,0.0,0.3011764628191586,0.22371572256088257,0.01202279045002934,0.692865013500033,-0.7909503677078207,0.33553085894738743,0.0628125
Town01_007500.png,0.43670809146026834,0.11511662397679547,0.16584097882694054,0.21821718740514778,0.0,0.3121232432313309,0.23021623492240906,0.009097643745320625,0.7247676794583491,-1.0869710424976053,0.32617283343771825,0.040625
Town04_003360.png,0.41272674793601655,0.11680750208278985,0.15232812421873984,0.1935472258898399,0.0,0.32688794907580193,0.19201013445854187,0.008398704698597704,0.7304188818574343,-0.696668738067061,0.32708091059941424,0.034161184
Town03_012980.png,0.40548184339525284,0.10495090818977772,0.15799373926706195,0.18937754697080075,0.0,0.32054403806208903,0.22008177638053894,0.006843522354762339,0.7196085435525146,-0.5281768170156561,0.3195815952400868,0.024235198
Town01_001980.png,0.3913022445820434,0.09458047068280749,0.18802407246666464,0.18847049844189476,0.0,0.2903145959428029,0.23553650081157684,0.01040285656832392,0.6754435851438385,-0.8290697677461387,0.32901659553526763,0.10975329
Town02_011400.png,0.37126385126418987,0.10681869078721098,0.2041628746430542,0.17951932663803394,0.0,0.27600928622826015,0.27863916754722595,0.012482276932961008,0.6451974413484818,-0.5519892141388877,0.33188142348593075,0.1343709
Town02_011340.png,0.37141889189886484,0.10679770845041953,0.20411632212556183,0.17961546621744678,0.0,0.27604887799181144,0.2784937024116516,0.012396973077156558,0.6453452070750159,-0.553133979576688,0.3315815455372483,0.13416119
Town03_018840.png,0.3882938435242518,0.09270617696140716,0.17152448289312436,0.18019275715058994,0.0,0.3062695428835668,0.222090482711792,0.006268046323276471,0.6936068813287769,-0.6449420544171706,0.3188954487067498,0.038943257
Town01_003780.png,0.4109000741744066,0.09975243581163738,0.17865315450901004,0.20075582057255298,0.0,0.29919571348763374,0.23138722777366638,0.01285098140391347,0.6969685757886387,-0.9733599119315965,0.34585127817206607,0.07552632
Town02_003600.png,0.26146344491744067,0.09443374976832754,0.2089801042635769,0.11203581700611105,0.0,0.2719580221951531,0.4283479154109955,0.005621514372002673,0.55578069962022,0.41599924048972836,0.3446069478563893,0.2034992
Town04_002280.png,0.4374098297213622,0.08975497757272849,0.12801037149324135,0.20771401434670883,0.0,0.3571019222871895,0.15085040032863617,0.008127758174993427,0.7736013477258257,-0.8997340602760004,0.3448734172580454,0.013708882
Town01_002100.png,0.3383936564757482,0.12365718284456569,0.20263522357220362,0.15557130057518356,0.0,0.27731403460177134,0.27242958545684814,0.012195603411643297,0.6254632034083433,-0.41853374044519687,0.3228716665027999,0.17474096
Town01_005700.png,0.4367723974458204,0.09319562361202233,0.14660862468449368,0.21226421600244846,0.0,0.3335361851444209,0.19199050962924957,0.01340183317651106,0.7486914740927155,-1.1653451084369186,0.35444347526592224,0.02600329
Town03_019380.png,0.41858920278637773,0.08975879305675007,0.140260166091395,0.19488983488132097,0.0,0.3412262471737998,0.14773282408714294,0.008599809410348247,0.7490197288717974,-0.9153775980930493,0.336435848315257,0.02536184
Town03_013280.png,0.38586519607843134,0.1484050318862576,0.18478297747549263,0.18303669830935468,0.0,0.29333519867638347,0.246273010969162,0.011679536590177864,0.6761875599264517,-0.48388188920694064,0.31418388554058374,0.054658715
Town03_013740.png,0.38943562951496385,0.14853248837875305,0.18019481703627518,0.1841302816224528,0.0,0.2977030864246518,0.25857189297676086,0.007441269552196523,0.6836636486795009,-0.4666687839612918,0.3053649604038395,0.037537005
Town03_017800.png,0.3285296858875129,0.0919809701317301,0.19403693990366613,0.14558208855652693,0.0,0.2848462125213008,0.25163328647613525,0.01008983386956434,0.6286847832378434,-0.2058336368685157,0.3402588209395927,0.10354853
Town02_008760.png,0.39023655185758516,0.12427688052684062,0.19599500935905684,0.19069861009935465,0.0,0.28310198077611937,0.2742699980735779,0.013022369685748396,0.6656696391808024,-0.6913000000608089,0.32577944516855273,0.102384865
Town01_010320.png,0.421421568627451,0.12023537871669124,0.18042440056822437,0.21014910282482444,0.0,0.29748188978695145,0.23755787312984467,0.011331773457577042,0.7002149888337572,-1.140789922526929,0.3201959982445742,0.084066615
Town02_007500.png,0.3892609165376677,0.09482236835406041,0.18523170100817962,0.18583484420212867,0.0,0.2929138617299391,0.23524893820285797,0.009955877926505999,0.6775734006364864,-0.6706528408978228,0.32462259572854174,0.07084292
Town04_004140.png,0.4067481456398349,0.08062015316039603,0.1379673537664466,0.18447904468676013,0.0,0.3440894391532745,0.1378750503063202,0.006772779573645765,0.7467166732980637,-0.7919072775975833,0.3299811526327052,0.026669407
Town02_005460.png,0.43412096878224976,0.1158169563491808,0.16808509238216515,0.21671361381755994,0.0,0.30978832230520703,0.2097875475883484,0.008856138074424817,0.7208844227083521,-1.186236799011588,0.3238686575764732,0.049588814
Town04_001740.png,0.43224121194530446,0.1006715688021187,0.1387036972507175,0.20607118093496424,0.0,0.3431647748949538,0.1761351227760315,0.007320751507517351,0.7570629056387904,-1.1971157647002098,0.34040791102064716,0.040978614
Town04_001320.png,0.4482679953560371,0.09402182609039701,0.1155143601298078,0.21428776305671907,0.0,0.37494560562605517,0.16040869057178497,0.004876113564620896,0.7951082380692052,-0.8179984075238351,0.3345215149495556,0.0051932563
Town01_007920.png,0.43587917634158924,0.10282833696497856,0.17387678515671795,0.22022379278465773,0.0,0.30390334599788565,0.24202358722686768,0.009903963809465996,0.7148420086660625,-1.0645340826875234,0.3340677285658281,0.03616365
Town01_004080.png,0.33299111519607844,0.11983363371132158,0.20816288464746202,0.15421486934428055,0.0,0.272638665149148,0.3173374831676483,0.015029596916165847,0.6153352193058219,-0.24382149336606107,0.3351795125172491,0.16078125
Town01_005100.png,0.4378708881578947,0.10647608812970516,0.17219800297618706,0.22138306692517057,0.0,0.3055887394761718,0.21308018267154694,0.012251381933062177,0.7177400691842721,-1.249242860255869,0.3198511540188166,0.053577304
Town03_017300.png,0.21033805792053664,0.1175617850781758,0.14576235019557685,0.06548876134432101,0.0,0.3345418643233322,0.410578191280365,0.014027595914526802,0.5906706454230972,0.6534146273122069,0.33442669417873166,0.17563322
Town04_002400.png,0.41720960719814243,0.08619915281320388,0.1443824137476149,0.19491013773801577,0.0,0.33619425836196243,0.16781072318553925,0.008298056794957407,0.7429051546466079,-0.9250127067567184,0.3340655027180377,0.041615956
Town03_013540.png,0.39059834558823525,0.1479711230769578,0.18127950382020944,0.18542932608156776,0.0,0.2966605218915582,0.2396353930234909,0.011185615856249624,0.6830100972882387,-0.5181701237283407,0.31295621724342815,0.048273027
Town03_018000.png,0.23344575593395253,0.11566010092211637,0.14464862863652767,0.07542014673000262,0.0,0.3358742740703002,0.3961730897426605,0.013588285502539507,0.6174271965846224,0.6397578866127166,0.3317742669878076,0.11432566
Town02_008580.png,0.3783962848297214,0.1070412020987453,0.18835804272558224,0.17866250063234787,0.0,0.29000633280088756,0.2930055260658264,0.007132272000647524,0.6676548663258598,-0.4163345100848166,0.31536208557283646,0.05992188
Town01_009360.png,0.4555545988132095,0.09420651369901639,0.1465883358324698,0.22901813270199722,0.0,0.33356022237163274,0.18739916384220123,0.007714476340071634,0.7565555826900202,-1.5939467843880017,0.35020823624235264,0.027064145
Town03_015420.png,0.2347452592879257,0.1058221034964014,0.16298039032546943,0.08166794438879778,0.0,0.3151458730905675,0.39748865365982056,0.010225235992229709,0.5902190605332128,0.6615228732398494,0.3255700258137803,0.15297697
Town04_005040.png,0.4519259707172343,0.09814160579161907,0.12351683201850883,0.21949349080060312,0.0,0.3633095323763291,0.1636553704738617,0.00531011883081406,0.7853534157311741,-0.9736469782001301,0.32522055333382316,0.012812499
Town03_016660.png,0.39102270381836945,0.10081001593784113,0.1813587933883012,0.18578976684068882,0.0,0.29658453116452144,0.23119328916072845,0.011262748006839475,0.6831504961286198,-0.6409730299085304,0.3327881606699605,0.07147204
Town03_018120.png,0.22489241486068112,0.11830162227426685,0.1390025228356505,0.06989829961654427,0.0,0.3427909221747049,0.3919908404350281,0.01316750376879338,0.6180146837440118,0.58605385592676,0.33433215764550833,0.12671876
Town01_006360.png,0.44973031153250775,0.11602340820705086,0.14762568128872935,0.22405069488708798,0.0,0.33233521381520587,0.20738892257213593,0.009411571586839067,0.7528681672363642,-1.319356026998059,0.33988623329700995,0.027405426
Town03_014000.png,0.43155874290505675,0.0955877792450085,0.14867196401029276,0.20834630146047073,0.0,0.33110834087378616,0.18004725873470306,0.008204584775086506,0.743770947887544,-0.8579817940671403,0.3238015388871712,0.0243051
Town02_002700.png,0.34493038893188854,0.10444925279315537,0.21035499101511176,0.1632261954536716,0.0,0.2708188508383985,0.2947281301021576,0.014628499539650742,0.6211767883037923,-0.32991264019821465,0.33048045471181026,0.16012336
Town03_017900.png,0.22091766640866872,0.10292902270396559,0.14250167799271993,0.06911134356219267,0.0,0.33847199039502823,0.3837033808231354,0.012274923106497504,0.6078863709049878,0.7468088448399344,0.33584078640102755,0.13028783
Town03_012940.png,0.41010624677502583,0.10604225143634832,0.1597742143386044,0.1937149332114167,0.0,0.3185973176213202,0.20936931669712067,0.007805411759647098,0.7196355634748328,-0.854375754864508,0.32332116275196465,0.039251644
Town01_011880.png,0.39140078366873066,0.10123498600820177,0.18974704069099074,0.18919851290748488,0.0,0.28872999460765486,0.23018254339694977,0.012859948982172844,0.6734960835025824,-0.8182276308675218,0.3239147833640091,0.102401316
Town01_002400.png,0.40333352683178536,0.10659086603313239,0.17949191395192804,0.19489528104069273,0.0003618421,0.2983820373505681,0.23129881918430328,0.009982159695663614,0.6920314361402834,-0.9987616261252189,0.3257273494199256,0.10405428
Town02_008820.png,0.3892580301857585,0.1234227700945841,0.19699509329251566,0.19032888084542385,0.0,0.2822178336307671,0.2745148241519928,0.012910728920050994,0.6639760447675392,-0.6858488625060438,0.3256751124324635,0.10558388
Town03_017980.png,0.2077986003611971,0.11019784692441087,0.1385779861570659,0.06238411655942045,0.0,0.34332228391801395,0.40034952759742737,0.013363283984904594,0.5999210351555169,0.7462114024752226,0.335098245470959,0.16437088
Town02_009480.png,0.40306140350877195,0.09660944505865718,0.19048730593101845,0.19874390871931857,0.0,0.2880535803982626,0.24203991889953613,0.012080176399765274,0.6790704740350013,-0.8489803612149247,0.3364227829873714,0.08272615
Town03_015900.png,0.39696536377708974,0.10635908488120842,0.17357071783307057,0.18770829412776452,0.0,0.3042094023065396,0.20130041241645813,0.009032403149598332,0.6957760894446735,-0.6853684279733047,0.32321682615346053,0.064576484
Town02_008640.png,0.41801904347265223,0.09146862999783234,0.19184686144509264,0.21154513895212357,0.0,0.2868181077239102,0.248904287815094,0.010209665437382383,0.685427796627117,-0.8662735828557387,0.33238072930259943,0.07121299
Town01_008820.png,0.39011759868421053,0.10162450508691735,0.19036984056011136,0.18843241699801697,0.0,0.28816075438957567,0.23144160211086273,0.013015986386814792,0.6720517487263985,-0.7985578141990689,0.3248916652717559,0.10283717
Town02_009540.png,0.3611468330753354,0.10762130507290041,0.19563779593232172,0.16870118223760086,0.0,0.283418888308752,0.2748919427394867,0.011985991217952607,0.6486293159593175,-0.5241381132277546,0.33430888185799623,0.12689556
Town03_014120.png,0.43174029282765736,0.08919581865664443,0.1491140508564509,0.20863468061373155,0.0,0.3305925712661991,0.18143706023693085,0.008058075714806046,0.7432849517146876,-0.8508476066155212,0.3267487749381562,0.023828126
Town03_016800.png,0.3215375064499484,0.09393425279081039,0.19555173660690148,0.14162684974402562,0.0,0.2834953303539452,0.2706432640552521,0.011342858389485826,0.6218220756725599,-0.1697551778592794,0.34184212153383253,0.12208882
Town01_006000.png,0.4484110874613003,0.10211955055298906,0.15902513277072142,0.22636149621097146,0.0,0.31941369106473105,0.20414653420448303,0.010242681458548331,0.7382027486952821,-1.2903389598748938,0.3293160127415212,0.039568257
Town01_012180.png,0.4383602134932921,0.0993694372428452,0.15411885369576758,0.215912297838382,0.0,0.32485768058335074,0.2044261395931244,0.006091581173232969,0.7398746010454357,-1.2372246892933896,0.31423990052596773,0.027976975
Town03_014820.png,0.21982151380288958,0.11159091209446728,0.15264416087723612,0.07162173778050951,0.0,0.3265279079130838,0.4083678424358368,0.012057378488030918,0.5901792533460392,1.2226447418223538,0.34103793160448875,0.102129936
Town02_010440.png,0.4269551728586171,0.11884205106906486,0.17272760221764197,0.21212554419858753,0.0,0.30505529945622906,0.2554319500923157,0.007769455447297601,0.7119683782419842,-0.9439288458411529,0.31888640015062597,0.036936678
Town02_000420.png,0.3633109681372549,0.09077811171125653,0.1810931050548749,0.16478957226724542,0.0,0.2968392305072336,0.23368999361991882,0.008785215580040065,0.6673553450487598,-0.5620362722103056,0.317667530245358,0.07766447
Town03_015100.png,0.20957441627966977,0.12038416533646544,0.15002247765705748,0.0664281797613266,0.0,0.32953745267076784,0.41136425733566284,0.012671726082073696,0.5828037443885439,0.7924391696695996,0.3329107329079582,0.15078948
Town03_015300.png,0.234125064499484,0.10771132773500884,0.143296278648098,0.07534836930128089,0.0,0.3375060157523721,0.3826204240322113,0.012335056987191157,0.6203280994196667,0.6388396866775162,0.327724211787109,0.128125
Town01_009120.png,0.4513493614551084,0.10205178821764112,0.1489121929984337,0.2258910873095369,0.0,0.33082788331912893,0.1890956312417984,0.007497038208988446,0.7519211551646258,-1.396885671471813,0.3306564861093321,0.030234376
Town02_011280.png,0.37050861068111457,0.10705123582187323,0.20423631480851434,0.1789891028754123,0.0,0.27594681004554755,0.27913281321525574,0.012758913449280642,0.6446487723927193,-0.5449772701631641,0.3317473547957234,0.13495067
Town03_016320.png,0.41712051728586175,0.08187848297433041,0.14091891891171224,0.19384766764807065,0.0,0.3404122760430608,0.13946525752544403,0.007256728940286126,0.7474749815152264,-0.730588536506865,0.3291112880872018,0.024128288
Town01_010020.png,0.42516602167182665,0.1024825289983916,0.17848864140123427,0.21262434109350656,0.0,0.2993557576409139,0.25576335191726685,0.011382523675104712,0.7043199492235978,-1.0292142216609084,0.33816027159533,0.065189146
Town02_010800.png,0.40017235874613005,0.12193552909391042,0.2027044416975397,0.2012270073883527,0.0,0.2772546844500624,0.24717211723327637,0.011674995952973553,0.6637713682556776,-0.829306363361485,0.32172600061179785,0.11960526
Town01_012720.png,0.4409861003611971,0.10371856966363822,0.1412988100284952,0.21443409442724468,0.0,0.33994459547340145,0.19020351767539978,0.012029515216819445,0.7573373317133859,-1.1414922091978634,0.350150245296527,0.018248355
Town03_013500.png,0.39071657314241487,0.14709524641997943,0.18121534615710586,0.1854984422109918,0.0,0.29672200481370903,0.23911994695663452,0.011175683947469598,0.6831522423056202,-0.5189898769504113,0.3131800257075785,0.048042767
Town01_010800.png,0.3553636319659443,0.09861246937280974,0.20455810965699056,0.1681273311504686,0.0,0.2756733320916819,0.3091786205768585,0.015540009282866914,0.6346666069994583,-0.5313494908400925,0.33905901598669164,0.16780016
Town03_014100.png,0.43626388351393186,0.08866501653486705,0.1450052441873262,0.2113526969004836,0.0,0.3354465042482927,0.17600984871387482,0.007693982577551144,0.7505368214028321,-0.8926798577987823,0.328188199415156,0.021287005
Town03_012640.png,0.38676930147058824,0.09154644787687481,0.14339947733997843,0.17015390266142577,0.0,0.33738095480910923,0.19541002810001373,0.015636985521762882,0.7295210825309183,-0.25448255678752696,0.3694093845700199,0.014206414
Town02_008280.png,0.3611733262383901,0.0989444644224716,0.17953133613053082,0.1626776722389162,0.0,0.29834388047409716,0.2470291554927826,0.009485584112385925,0.6679678415011853,-0.42356573419414945,0.3152613956435904,0.05567023
Town03_012960.png,0.3755200915892673,0.10487757620430557,0.17671701828068195,0.17224424373722666,0.0,0.30108863681862635,0.25389358401298523,0.006727652572897064,0.6799979299671385,-0.6366803756736797,0.31800046328765563,0.07997944
Town02_006000.png,0.35780256707946334,0.1025303661576669,0.18733345564383017,0.16311650061211272,9.868421e-05,0.29095384879420594,0.26173731684684753,0.013866689937068735,0.6563546567080222,-0.4833301554244124,0.33381879765002775,0.10396792
Town03_018660.png,0.22908062435500517,0.10443714814826396,0.1544815209948043,0.07634247278374715,0.0,0.3244493685521158,0.40084022283554077,0.010883054214978045,0.5972451325264692,0.7327393883338118,0.32441447485346064,0.14655016
Town01_006060.png,0.45365516963364294,0.10465965078747456,0.15378216488168578,0.22945196717102728,0.00024259867,0.3252376024447948,0.20229580998420715,0.009827248502600213,0.7468345190970597,-1.3680926479227162,0.3331023242523742,0.03413651
Town03_017400.png,0.21102304244066047,0.11767640724574968,0.14571199004949467,0.06576270848509681,0.0,0.3346018661670937,0.40992504358291626,0.013752675590359987,0.5915400036392178,0.6503989646379232,0.33410402884203444,0.1734745
Town02_003360.png,0.3714587848297214,0.10165996025119507,0.19940415133775524,0.17774364439790363,0.0,0.28010631187300317,0.29632025957107544,0.006722364500495763,0.6506969734241554,-0.5257925756815152,0.31548763415712816,0.0905921
Town03_016140.png,0.3945047890866873,0.09823687912013924,0.1713273328648637,0.1849870835989194,0.0,0.3064693240466548,0.18748489022254944,0.00899186623565835,0.6972117236799873,-0.6660691650876628,0.32140117252132244,0.06970395
Town03_015780.png,0.39734507223942206,0.10595773689872987,0.1732624435026139,0.1879029807614481,0.0,0.3045182115297336,0.20066368579864502,0.009078073084238853,0.6963544314613417,-0.6855431136149963,0.3230512566348448,0.06355263
Town02_007740.png,0.42515716911764706,0.09993406699118512,0.15777566160197146,0.2056517778460714,0.0,0.3207840037181463,0.2015361487865448,0.011159823018474676,0.7293416096743045,-1.1050088326394898,0.3343587163932936,0.039868418
Town01_010200.png,0.42804502063983485,0.1294070584667295,0.17173455772893625,0.21271529801290984,0.0,0.3060569109421198,0.2630133330821991,0.008197772238410327,0.7136705483971425,-1.1469033674568563,0.3278344716780789,0.0536801
Town03_013580.png,0.40330469556243553,0.12407335102079517,0.1712320752268185,0.19197510104919158,0.0,0.3065659329327665,0.20696158707141876,0.010819886708553392,0.7019649847317497,-0.7135251033309911,0.3178476187079263,0.04502467
Town03_016900.png,0.2307253289473684,0.10730419503193891,0.1466552868907033,0.0747419505908659,0.0,0.33348091647876843,0.4186110198497772,0.011040943640097937,0.6113862748647197,1.0418151395055237,0.32770622351372436,0.08936678
Town01_003000.png,0.42536505095459237,0.10817366131055331,0.18104117539167036,0.21371133376080054,0.0,0.2968890418682261,0.23524978756904602,0.01289269865841073,0.701452314383391,-1.064517551040685,0.3208219478979326,0.06521793
Town03_013720.png,0.3894127644478844,0.14858851172403184,0.18023178907554324,0.1841257989083146,0.0,0.2976674279788913,0.2590189278125763,0.007465734712357595,0.6836065788963275,-0.46674973099947714,0.30571638454529937,0.037643917
Town03_013760.png,0.3896271929824561,0.1479475043226851,0.1800797821763956,0.18423807746008616,0.0,0.29781400111087497,0.25860753655433655,0.007310685793925414,0.6839080614152498,-0.46860561392775735,0.3050566199143486,0.03754112
Town03_020000.png,0.3728262545149639,0.09301470041250816,0.16904864499619085,0.16757686043070474,0.0,0.30879531459435655,0.1915077120065689,0.009021623009368866,0.6880301243411027,-0.5082390043318352,0.32952293215142353,0.04362253
Town03_016220.png,0.39521171955624357,0.09797504712614756,0.17093124873496762,0.18540979506869837,0.0,0.30687141089462794,0.1864398866891861,0.008817950585807078,0.6980775911104843,-0.6724275827397069,0.3209797965731362,0.06877056
Town01_010080.png,0.3333942208462332,0.12015370562645863,0.19393872208579052,0.14876393441793642,0.0,0.28493418432299866,0.37696269154548645,0.010765021803354983,0.6322271826367132,-0.3277108190876667,0.33723245424752674,0.118856914
Town03_015340.png,0.2207222007223942,0.11166489741148129,0.13989407964493733,0.06828864341144096,0.0,0.34168025378054323,0.4055497646331787,0.01166519329610069,0.6120694286834722,0.815824032681119,0.32656987801773074,0.12864721
Town03_012920.png,0.36041519930340554,0.11430974348624154,0.2023802679257107,0.17085688873459592,0.0,0.2775327130914993,0.26362642645835876,0.0077961478631700335,0.6404017449763242,-0.4699268221205232,0.3100748553154874,0.14069901
Town03_014380.png,0.4380393769349845,0.08951221328604339,0.1431954216178315,0.21238342451789805,0.0,0.337628337609863,0.17405164241790771,0.0071000814464072535,0.7536358421692575,-0.9055509907209068,0.3271419597385534,0.019095395
Town03_015640.png,0.37621768575851394,0.09621658699954656,0.1826249504927853,0.17489161961998426,0.0,0.295375937221841,0.22623483836650848,0.008174826736680223,0.6732086303503457,-0.5123072768465282,0.3176192082669688,0.07658717
Town04_002820.png,0.44094931953044375,0.12650556150302195,0.14251378274924553,0.21474648066786037,0.0,0.3384572683024025,0.20164364576339722,0.006622505893482264,0.7557449953183722,-0.9182548765404536,0.324471862464202,0.024609374
Town04_001500.png,0.46540762061403507,0.09079070177091449,0.12145962245541994,0.23135669321263083,0.0,0.3662272112427685,0.15771633386611938,0.005083044350351079,0.79303731138365,-1.0095884591077444,0.3329037581891796,0.014457237
Town02_009120.png,0.34960232843137257,0.1000620978382249,0.1995456877825678,0.1620402695572552,0.0,0.2799830387718702,0.31364718079566956,0.008628247232845672,0.6366267710784311,-0.26134555534780657,0.33312720045159355,0.081328124
Town03_019340.png,0.41689214073787406,0.09370494138905275,0.14998101519558116,0.19629336192810448,0.0,0.32958547720873854,0.16302751004695892,0.007937116164835386,0.7354240297770821,-0.9238418541965328,0.335237126016777,0.03405839
Town03_016640.png,0.3855253966718266,0.0996146532821271,0.1930025591383358,0.18587981931291608,0.0,0.285774768349587,0.22324584424495697,0.012795418260183326,0.6663902630354471,-0.6532776199316244,0.32952863263604887,0.100402966
Town03_015180.png,0.21897328108875128,0.1343947028465451,0.13951904502731038,0.06741486175610595,0.0,0.34214659417888094,0.4013615548610687,0.013509313093142317,0.6108172061510326,0.6419736154438507,0.33433371438354165,0.1362171
Town03_014660.png,0.41561197110423115,0.08944696783227696,0.14658686148372582,0.19422101848479323,0.0,0.333561976679663,0.18066276609897614,0.007335700843805013,0.7392615334366018,-0.8885377829031993,0.33038381384367954,0.028972039
Town03_019540.png,0.38714628482972135,0.09508886887556911,0.15727201740512436,0.1746167333161334,0.0,0.32133939623695346,0.18911440670490265,0.009249581132762702,0.7111191582145433,-0.6353118491900873,0.32323209202082914,0.04953125
Town01_003960.png,0.33383255933952527,0.11328975395254612,0.2079539316370039,0.15468901535846538,0.0,0.27281312869368113,0.31470370292663574,0.014770313163965277,0.6161699578622822,-0.2528838149897832,0.33460475222517966,0.16012746
Town03_017240.png,0.19449282443240454,0.1354308625066589,0.14736980278018807,0.059545317527165645,0.0,0.332636581531246,0.444090873003006,0.014136543510593094,0.5689209902700054,0.7770357546263391,0.33510572778545866,0.21252878
Town03_015720.png,0.37700622420020635,0.09643302488631625,0.1824517738705269,0.1754223428741981,0.0,0.29554074340379605,0.22662946581840515,0.00790472072988122,0.6738776198997413,-0.516221857004806,0.3172975076947586,0.075435854
Town03_014260.png,0.43647871517027864,0.08840225556872422,0.14492237586699078,0.21151616382363064,0.0,0.3355457961571397,0.17584535479545593,0.007673124076772091,0.7507359753352415,-0.8979515251474064,0.3278746042510818,0.021472039
Town03_012760.png,0.39023450399896803,0.0962345522752831,0.1468285169103275,0.1738415814894069,0.0,0.3332758383634546,0.2291371375322342,0.010116833606507622,0.7266084030692931,-0.34600456825731,0.34939232253901537,0.015571546
Town04_001440.png,0.4445860423116615,0.10312181758488087,0.13746431956404895,0.2165531881715534,0.0,0.34472400122727714,0.17789094150066376,0.0062837353801169565,0.7638274475923155,-0.9689087515529307,0.3265357480191606,0.022286184
Town03_015520.png,0.390406653121775,0.09704397078036064,0.17083220302042676,0.18160099639055832,0.0,0.30697208829310035,0.22130252420902252,0.006549640194054917,0.6956158662606535,-0.6799782606841922,0.31649492296636483,0.045740135
Town03_019800.png,0.4313608746130031,0.10358525770611651,0.14764355025075104,0.20787082207754107,0.0,0.3323141924364962,0.1911778301000595,0.006823888332422753,0.7450044525744186,-0.9728711468474643,0.3155432438440369,0.029757401
Town02_001980.png,0.3458153218524252,0.10289450943518759,0.21182142360400225,0.16445655232552261,0.0,0.2696120378426339,0.31001701951026917,0.012867132327647258,0.6201444303048121,-0.2728534812110167,0.32679881862110854,0.13381168
Town03_018080.png,0.2249436113261094,0.11829987917874474,0.13900262439777894,0.06992135786590178,0.0,0.3427908049479383,0.39198368787765503,0.013116964249580119,0.6180682453122754,0.5857949139304602,0.3341109297911208,0.12662005
Town01_009960.png,0.4218564241486068,0.1077589910233863,0.1835465701972668,0.21165218602662947,0.0,0.29450148352607,0.26235225796699524,0.011566664137275137,0.6968191899630235,-0.9443979316777507,0.3376013620253069,0.059897203
Town03_013020.png,0.40166197432920536,0.09713721434271891,0.16177540267073556,0.18750362253131375,0.0,0.3164350008053568,0.19803455471992493,0.009581852754001497,0.7128777583764938,-0.8018618098745436,0.3359854658652724,0.044342104
Town04_003480.png,0.3921297890866873,0.09878990979166093,0.17254153666411745,0.1835363533635849,0.0,0.30524252146938213,0.2194138467311859,0.008310648611869927,0.6944389969475895,-0.6463446630220233,0.33022616837023894,0.07013158
Town02_008160.png,0.37047245872033024,0.10845930051503913,0.1836504541302142,0.1709773319725207,0.0,0.29440317788834697,0.27928611636161804,0.01253143654262531,0.6685745167769914,-0.5332490431864998,0.34790846138000764,0.050131578
Town03_014180.png,0.4241076335139319,0.11536183931630199,0.15630856856019792,0.20429965341012574,0.0,0.3224068791087049,0.20436769723892212,0.008039537045468342,0.7306957179515654,-0.7951349399127726,0.3244322124531495,0.02667352
Town02_009360.png,0.352874419504644,0.12985381853681788,0.20860074738291123,0.16803462774944855,0.0,0.2722736514645282,0.2989588677883148,0.013980974422792851,0.628477340210964,-0.3346087677790166,0.32871478140889143,0.13040295
Town03_015260.png,0.22986129385964912,0.1096207472835317,0.12973834262844525,0.06966825196280785,0.0,0.35477266510151034,0.3870292603969574,0.012856559471053642,0.6392144777437563,0.5659465920585588,0.33379633604375536,0.10969983
Town02_000600.png,0.34094312757997935,0.10222816236539843,0.18283168675771178,0.1496696419266881,0.0,0.2951793967313042,0.2863022983074188,0.009833973901738197,0.650934558557521,-0.35424182352095823,0.3208400472456786,0.10222451
Town01_011400.png,0.46304826173890606,0.10785550417907538,0.14535353414676386,0.23554134258837686,0.0,0.33502973616315024,0.20761586725711823,0.008108248851656244,0.7610895708073729,-1.4806648732953007,0.32248975885884024,0.02919819
Town03_015200.png,0.22648998645510834,0.1289124125929724,0.13301123996730255,0.06898970392207449,0.0,0.35044466118505957,0.402338445186615,0.012969005721483642,0.6300117211958497,0.614779698052226,0.33313945305152987,0.119333886
Town02_001920.png,0.3471776315789474,0.10325887750216371,0.2113896411074548,0.1652178882363058,0.0,0.26996651322358395,0.3085111379623413,0.012558949113701206,0.6215502563994465,-0.284671624417543,0.3254887689911427,0.13198602
Town02_000480.png,0.36171528315273477,0.09385525236367354,0.18974949846872377,0.16684281823539532,0.0,0.2887277298628071,0.25964805483818054,0.009014474948906292,0.6559172864375307,-0.5053348190247444,0.3261010672495305,0.09449835
Town01_004920.png,0.4379267285861713,0.10649564805729114,0.17210908725063814,0.22140135752443393,0.0,0.30567848530826647,0.2130378931760788,0.012199185788866633,0.7178705203682159,-1.2498526762558526,0.31959040337297984,0.0536801
Town02_002340.png,0.3797372129772962,0.10117030288085882,0.19494018750304024,0.18220202762348484,0.0,0.2840394517494713,0.2931956946849823,0.00608785740302313,0.660783271856497,-0.4882366363254684,0.31526721804190155,0.058585525
Town03_014760.png,0.2622580140608875,0.07781499568727339,0.17204977041137307,0.09838038943776682,0.0,0.30573835648922754,0.23115207254886627,0.012255184746757321,0.6038528974466436,0.04477085645583461,0.3408765370521988,0.16343749
Town02_003000.png,0.3886625870743034,0.09575428219406998,0.1970118279137754,0.18987226692921758,8.223684e-05,0.28220306822984786,0.2652146518230438,0.00842729099637791,0.6636154441818845,-0.7438056700796196,0.3144193527185885,0.100234374
Town01_010740.png,0.408218782249742,0.11088197352920828,0.18519259230020096,0.20093887042433065,0.0,0.29295054545132004,0.26134318113327026,0.012268638200894392,0.6879187014781566,-1.004985699424257,0.3446473891344381,0.09076069
Town01_011040.png,0.4232645768833849,0.09446902278789315,0.17143153870717467,0.20854167450778038,0.0,0.30636369460756746,0.20905137062072754,0.008736396552945223,0.7117325399631261,-0.9979826875807037,0.3238966509904959,0.044745065
Town03_014940.png,0.22538022445820435,0.10520610067181503,0.14696945442980144,0.07239626611222405,0.0,0.33310915763499027,0.4026917517185211,0.013803172615795544,0.6052918458464861,0.7422676278214704,0.338668117981877,0.1311472
Town01_007200.png,0.37589204398864806,0.10251300780866163,0.19389667241567946,0.17889074830783697,0.0,0.28497184742192244,0.29259178042411804,0.009102092439142841,0.6597042607913646,-0.6892674058833714,0.3327764859116664,0.1157319
Town04_004560.png,0.45372823142414864,0.0970939301038169,0.12143529420668318,0.2206158386703495,0.0,0.36626199945991805,0.1635003536939621,0.006638233144134847,0.7888682282061774,-0.9997571753052026,0.34390287591754,0.012537006
Town03_014900.png,0.22093996710526317,0.10767750310244738,0.13885368421347277,0.06809481468412963,0.0,0.3429770264368759,0.40009936690330505,0.013416261964021936,0.6140741124013173,0.8712157507678513,0.3361847278787681,0.1042722
Town02_005760.png,0.39831674084107327,0.14044882739164533,0.16949671438484953,0.18738536222151397,0.0,0.30833547256990923,0.2643972933292389,0.011795451774621098,0.7014922544501533,-0.7612897280131792,0.3315852028225354,0.04918997
Town01_010920.png,0.3935045310887513,0.10440429978975493,0.18547733311777725,0.18924765708786087,0.0,0.2926836713842645,0.24963922798633575,0.009765940225419371,0.6796491485987745,-0.6399388414283048,0.3338263296771234,0.06220395
Town03_016500.png,0.3324481746646027,0.08772779411036619,0.16978697686802077,0.139349406351808,0.0,0.3080382346402377,0.22549748420715332,0.007652195132438941,0.6619372889853363,-0.18975471521075574,0.33293513762533467,0.058540296
Town01_004260.png,0.39536940466976267,0.09806127931982139,0.1775230311029939,0.18783139272091706,0.0,0.30029811268619755,0.23731566965579987,0.012037311686800622,0.6901285127100648,-0.8742618203637038,0.3331070334840184,0.08037829
Town01_009180.png,0.45078378160474714,0.11024228596237173,0.14938211944742708,0.2255210353684817,0.0,0.3302805231718617,0.1921156942844391,0.007595835103907406,0.7510986225392108,-1.3831726469168677,0.332419815377059,0.030185034
Town03_014440.png,0.4381201625386997,0.08922839069310615,0.1431111060086186,0.21243006548594662,0.0,0.33773064649631024,0.1741226464509964,0.007154943189866247,0.7537794097075012,-0.9062458990463342,0.32803211734614574,0.01904194
Town04_002340.png,0.4262170730134159,0.0899613690592079,0.13714182156036905,0.20046887254901957,1.6447368e-05,0.3451320282805259,0.1620117723941803,0.008057288062283738,0.7565640253291921,-0.9252335578781368,0.33420921855711605,0.028610196
Town03_018680.png,0.2529801502837978,0.10796736272323808,0.1623240135368138,0.09034804180831257,0.0,0.3158468879724639,0.3739846348762512,0.010499944479855925,0.6091442665361361,0.5369265290237858,0.32125762108303835,0.13275903
Town02_004020.png,0.4087264415634675,0.09976434525386971,0.18265489006937732,0.20042011289939085,0.0,0.29534746698745684,0.23449476063251495,0.008014204556951779,0.6911385592910787,-0.8933213687688556,0.322046042462639,0.056603618
Town02_004080.png,0.40882744775541796,0.09771352056617005,0.18247052800131888,0.20043537562728908,0.0,0.2955228988287496,0.23355911672115326,0.007949658785082659,0.6914068109316474,-0.8959033608452638,0.32257895943186665,0.05654194
Town04_003540.png,0.38573685823013415,0.09949743961421242,0.16448843787497694,0.17584936999180473,0.0,0.31354583125186203,0.18960507214069366,0.008115295230579335,0.7010525705254989,-0.5345115572093051,0.3258431691181198,0.053022202
Town02_002280.png,0.3447201689886481,0.10143700914822365,0.21567888009949765,0.16534937422853557,0.0,0.26647695158821094,0.310396283864975,0.011361547304680385,0.6151333938296956,-0.20633823869287007,0.3243828852523477,0.13079359
Town02_005340.png,0.4374608165634675,0.10855545491096676,0.16504200199716412,0.21861082845160762,0.0,0.3129621943569385,0.2076035439968109,0.008968740894190494,0.7260726473945468,-1.2028312301208866,0.3264505000563076,0.043597862
Town03_017440.png,0.21080121259029927,0.1177589232338778,0.14556746356337905,0.06562703767781625,0.0,0.3347742715378137,0.4102500081062317,0.013745680684554524,0.5915256493424174,0.6499060382683804,0.3343039447726706,0.17361432
Town03_017460.png,0.21071123581011353,0.1177750988685379,0.14552689520867054,0.06557730212570062,0.0,0.3348226840442592,0.4113059341907501,0.013729015914931506,0.5914898418771662,0.6506421966816618,0.33426250212356706,0.17422697
Town04_004440.png,0.4357980198658411,0.09628106112076787,0.1586870110377672,0.21510148159108855,0.0,0.3197834357450651,0.21540455520153046,0.007532024246747201,0.7330681130434636,-1.1697332778203289,0.3421593780177421,0.054375
Town03_019740.png,0.38364449496904024,0.09574163253843562,0.18124243937869566,0.1800319203519901,0.0,0.29669603523329924,0.23551450669765472,0.00824289329508893,0.679152714667394,-0.7369780642224535,0.327774928416166,0.101924345
Town01_003240.png,0.43850385384416923,0.09834234690774546,0.16408910373228858,0.21921086379985433,0.0,0.31396808430879747,0.2278798520565033,0.006312900276209555,0.7276949527907389,-1.1543357622276522,0.3136263197273283,0.022976974
Town03_014700.png,0.36283162409700725,0.0877440701609999,0.17866946833816968,0.16356956636111628,0.0,0.29917984894063177,0.21539829671382904,0.00976270513365305,0.6700478154883232,-0.4583935559210486,0.33568546209686184,0.0702426
Town01_008640.png,0.45643092105263156,0.09009650991326806,0.16176380935986526,0.2344967157115684,0.0,0.31644744578881584,0.20259694755077362,0.007764392237803274,0.7383287151592497,-1.4385764181017873,0.32373443797363116,0.029469572
Town02_011160.png,0.33298522961816307,0.10543772987456707,0.21603136587068825,0.1575487141838159,4.111842e-06,0.2661932560884277,0.2915566563606262,0.016235452078148076,0.6065121388505278,-0.3196561646296898,0.33883978444149304,0.20320722
Town02_003180.png,0.3690404734262126,0.11257793084732311,0.20001676320581832,0.17619757658997556,0.0,0.2795734440386894,0.30285564064979553,0.007619298877961918,0.6485120470217535,-0.5070512787436602,0.3177401369203069,0.09425987
Town04_001920.png,0.45283683243034056,0.09023002529252007,0.10956461529186141,0.21706560172959785,0.0,0.3841318635674175,0.14060020446777344,0.005508777241546773,0.8051843291528,-0.8017461095637489,0.33326349379232006,0.0036759868
Town01_001020.png,0.3250256707946336,0.11050151603051209,0.1815891483378197,0.13861630546955622,0.0,0.2963640416457821,0.33980780839920044,0.013348905911693885,0.6415636860486251,-0.10796393295805061,0.3381791350246987,0.10379934
Town04_003120.png,0.427671681501548,0.11206006322722772,0.14119991481149582,0.2028404831011352,0.0,0.34006621541028814,0.18506620824337006,0.006982441090471275,0.7517894798121068,-0.8429025580864071,0.3277256000507978,0.027417764
Town01_002280.png,0.34533205946852424,0.10599676259896891,0.20257408714764766,0.16029049208047516,0.0,0.27736643097952185,0.2556048333644867,0.011881944697383597,0.6302759360823984,-0.4845622804979758,0.32389702652378577,0.17145559
Town03_013700.png,0.3894160216718266,0.1486482524301671,0.1802034668244827,0.18411812739027497,0.0,0.2976947259502792,0.25866132974624634,0.007467528430360794,0.6836423779548059,-0.46622246158935615,0.30565375927041427,0.03759046
Town01_007680.png,0.39968345265737876,0.11180498238598287,0.1894737308943708,0.19564715702715565,0.0,0.28898036102218055,0.2527638077735901,0.008844181134786218,0.6783986749024644,-0.9463113049008781,0.33493839932311337,0.11748766
Town02_008100.png,0.37114767156862744,0.13412016422172834,0.1953886099550686,0.1759273030109876,2.4671052e-05,0.28364030493356707,0.2527235150337219,0.01367604046520569,0.6551172160496712,-0.5928526862634997,0.3337510070358324,0.11818257
Town01_002640.png,0.4482124774251806,0.10389466475971053,0.16650349335065123,0.22861783821758835,0.0,0.31143066116999857,0.2224215865135193,0.007904212069244621,0.7291375183093077,-1.2712634605953343,0.327528972593878,0.040875822
Town04_003000.png,0.4238453624871001,0.10438057381138859,0.14759592221255552,0.20142944755559608,0.0,0.3323702533292962,0.19078749418258667,0.007815502134806454,0.7417128825068748,-0.8537313967453571,0.32497534107378245,0.030296054
Town03_014560.png,0.43814657507739935,0.08856304093397148,0.1430604393769671,0.21243871056678598,0.0,0.33779216561012393,0.17372582852840424,0.007102658390497583,0.75385630963034,-0.9048834948301693,0.32722753818210504,0.018922698
Town03_015700.png,0.3769471587977296,0.09663692661558543,0.18237149862609264,0.17534852403680773,0.0,0.2956171880437028,0.2264300435781479,0.007928716940852709,0.6739398977096339,-0.5170080491396933,0.3174354342853013,0.075900495
Town01_006900.png,0.38597387770897834,0.10477115649393039,0.18549365705178705,0.1833837310801514,0.0,0.2926683695996994,0.26467517018318176,0.011675435687690972,0.6754082326725223,-0.6134683950656893,0.3331159021034759,0.07217105
Town04_001560.png,0.4634642995356037,0.09058389551995362,0.11825450392487631,0.2287832846425463,0.0,0.37087291094095726,0.15758444368839264,0.005899690781885512,0.7967153489750417,-1.0510364249258826,0.3374193428090099,0.010641446
Town02_005280.png,0.43508771929824563,0.10771810835048114,0.16642469199102913,0.21699850158845782,0.0,0.3115128909850153,0.20882035791873932,0.009251573028592239,0.7233229291766698,-1.1771084904921596,0.3251536298812843,0.04602796
Town03_016060.png,0.3944341137770898,0.10013569684531924,0.17125048680584817,0.18490499934235818,4.111842e-06,0.3065472513208379,0.18803945183753967,0.009125745158744612,0.697268607530206,-0.6624152010044292,0.3220245004737568,0.06928454
Town02_002100.png,0.3490703850619195,0.1038080112979667,0.2117461065536706,0.16668654736791513,0.00019325658,0.26967382759434655,0.3100550174713135,0.012719192137639366,0.622432453852979,-0.29353816438885516,0.3281317759943138,0.12844983
Town01_006600.png,0.3886984326625387,0.10643460811187527,0.1787356084957225,0.18303288929865028,0.0,0.2991155486434442,0.25252196192741394,0.012856790025091562,0.6850107756000223,-0.740212095817192,0.3451788313598083,0.056772202
Town03_014360.png,0.4368528928018576,0.09035280196786312,0.14450094356169635,0.2117209726395717,0.0,0.33605171333351896,0.1760106384754181,0.007376076003156679,0.7514406295225686,-0.9007543192947965,0.32637695622197144,0.020012336
Town01_003840.png,0.3339723297213622,0.11348512063351636,0.20789754683453568,0.15475890699933226,0.0,0.27286024308523815,0.3147629499435425,0.01472721979400635,0.61633307948378,-0.25360016442378036,0.33438350260194066,0.15972039
Town02_005040.png,0.3358409603973168,0.15070552337776486,0.20780533422988454,0.15597220761498612,1.2335526e-05,0.27293732028012274,0.31376346945762634,0.015855795088933408,0.6177563678667024,-0.25066210811437123,0.3239490775171187,0.14700657
Town02_002580.png,0.3734751354489164,0.10173502894567933,0.19341306507705464,0.1768922905410874,0.0,0.2854056708898862,0.2606067359447479,0.011518738617738116,0.6588162093981885,-0.5635205843743467,0.3194114618579877,0.09647204
Town03_014300.png,0.4325124161506708,0.1040728747108563,0.14801718615181333,0.2089760775207917,0.0,0.3318751330762539,0.18485303223133087,0.008084417304073332,0.7450307691563572,-0.8594169089451665,0.32795281355634276,0.022541119
Town01_003180.png,0.3717010932662539,0.10726310765209159,0.20489027508995977,0.18014172756176777,0.0,0.27539145490176486,0.27345308661460876,0.015355809127056395,0.6446525453557247,-0.6049129098264352,0.32575874888785544,0.14043997
Town03_016300.png,0.4170426986584107,0.08204777010085074,0.1413707437131829,0.19391029968230836,0.0,0.33985615945787395,0.13948902487754822,0.007304500672818145,0.7468349917543782,-0.7329621827001251,0.32864050873916,0.024609376
Town03_019880.png,0.37640736261609903,0.10023363448609247,0.1763344894617344,0.17277635480533807,0.0,0.30146507210975027,0.2525607645511627,0.006321479972277867,0.6809822002340266,-0.6536964719341469,0.3197122958336092,0.08072369
Town01_005760.png,0.4688112745098039,0.0984981652840624,0.13722756196658145,0.2386154148707987,0.0,0.3450234430349569,0.18554352223873138,0.009364760011331677,0.7735663892519131,-1.4491975473572847,0.350699952438483,0.015205592
Town03_014840.png,0.23774929050567595,0.10722317721928083,0.16084484703687682,0.08239578995426856,0.0,0.3174371527166522,0.38338199257850647,0.012936203307432368,0.5964696117912761,0.8399665947830987,0.3337188594173336,0.112339646
Town03_017780.png,0.3840774155056759,0.08922336280975782,0.17880192146933852,0.17948558822264715,0.0,0.299051123851768,0.1984839290380478,0.008422058697059835,0.6823441370987225,-0.6585578671305073,0.31908312512388937,0.06335527
Town04_003180.png,0.4365252354231166,0.12900069396680222,0.14042788070197967,0.21027427083965683,0.0,0.34101864564731144,0.20115743577480316,0.006811625842287381,0.7566043465112292,-0.8845171796788535,0.32695026038554176,0.021504935
Town02_004380.png,0.3482954560113519,0.10648581538437671,0.18967421565688075,0.15728603276320843,0.0,0.2887966692659354,0.279651015996933,0.009141444333151217,0.6474258203179107,-0.4774268852710738,0.32877578144311315,0.11773849
Town03_016000.png,0.402186903379773,0.09982922636263174,0.16943979753309982,0.19046415023826882,0.0,0.3083938229339614,0.19282428920269012,0.008607737282219387,0.7035831298816161,-0.7286652364260212,0.3212541519213174,0.05757401
Town02_001860.png,0.34657307791537667,0.10257045863251196,0.21153889981086507,0.16486160446892892,0.0,0.26984389144642995,0.3092663884162903,0.012668978530524701,0.6209740907245347,-0.27755453899009935,0.32601562424237784,0.13174342
Town03_018060.png,0.22514604295665636,0.11837277944580478,0.13890599296299327,0.06998561554007567,0.0,0.34291157374239356,0.39243361353874207,0.013051214360873344,0.6184446747115456,0.5872876157608797,0.3338053828021353,0.12618834
Town01_007740.png,0.3919797310371517,0.11162262405429388,0.19514338726370098,0.19172905113670854,0.0,0.2838584636819478,0.2595786154270172,0.008742011928610455,0.6676278259070572,-0.8491803547797911,0.33573832175917,0.12049343
Town01_009660.png,0.4418187242002064,0.10176182883509759,0.14017399911810488,0.2148525350826605,0.0,0.3413330008755991,0.1874782145023346,0.01212362831097351,0.7591481928697422,-1.1415198523259673,0.351291639425739,0.017146382
Town03_019480.png,0.38716681179050566,0.0978367941638395,0.1576038508399873,0.1747371139516178,0.0,0.3209732539507242,0.1904708743095398,0.009532564398308341,0.7106968827821089,-0.6307296129024438,0.3236702009376275,0.049806744
Town03_018600.png,0.23760958462332302,0.10570122533147627,0.1437483339113855,0.0771218982071673,0.0,0.33695888712111244,0.38232457637786865,0.011915036979704162,0.6230618876667265,0.6215614366442498,0.3288033419563992,0.1197944
Town01_009420.png,0.4443656153250774,0.10414740294288799,0.15809491482351296,0.22245480217628846,0.0,0.3204328312024709,0.2013659030199051,0.007322053258868046,0.737584610209327,-1.309446006109629,0.32986318456765196,0.033819903
Town03_017420.png,0.21091202270381837,0.11776753157844855,0.14561502293556386,0.06568761622554078,0.0,0.3347175153426674,0.41102203726768494,0.01366367869645278,0.5915736975925001,0.6490724777642324,0.33389007489256495,0.17408305
Town03_016680.png,0.3914048793859649,0.10132496175844001,0.18240389081330857,0.1864689589909751,0.0,0.2955863434185474,0.23406274616718292,0.011460376196402191,0.6821172831207988,-0.6415948295216458,0.3333012721649775,0.07338816
Town01_006660.png,0.34308349458204335,0.11337803686814325,0.19056551019618098,0.15402149793095776,0.0,0.28798226980842445,0.33158546686172485,0.013099191227058419,0.6429010294873713,-0.38257161656789523,0.34948086441200515,0.064181745
Town03_017740.png,0.38719283733230137,0.09077239686541883,0.17165338382374626,0.1793831774595804,0.0,0.30613904817261245,0.21567945182323456,0.007184431342196319,0.6928432592854815,-0.6863098978157693,0.330930525184859,0.052491777
Town02_001560.png,0.3475596136480908,0.11160863720646408,0.1937417619189644,0.15833355535067492,0.0,0.28511070600957533,0.29528331756591797,0.007036118572816125,0.6420815266889273,-0.19923584998839527,0.32181392050686797,0.06940378
Town03_014800.png,0.20363854489164085,0.10895792451676037,0.14108497602544942,0.061373627425686465,0.0,0.34020768962695913,0.4218725562095642,0.010828896780590463,0.5907300561526007,1.458177444254741,0.3362842518370119,0.10043585
Town03_016720.png,0.41936147123323014,0.09434822688642852,0.15616749083162984,0.20025232874754653,0.0,0.32256373316875636,0.17995335161685944,0.006698296328335255,0.7286539841541371,-0.9326702367966826,0.3278790513329599,0.037105266
Town01_004200.png,0.39624920988132095,0.10045666738730986,0.1953523517685155,0.1951759776730609,0.0,0.28367253555206684,0.24175074696540833,0.011618885069507676,0.6697906759238592,-0.8456024883245348,0.3367344074351712,0.11886102
Town03_014500.png,0.4380705140608875,0.08915857896338891,0.14316220124088555,0.2124011911537061,0.0,0.3376686578230838,0.17392489314079285,0.0070844837006009825,0.753692114188526,-0.9047462484409959,0.3271932741682958,0.018988486
Town02_005940.png,0.3751309017027864,0.09348661737070973,0.192489845624843,0.17777553408102145,0.0,0.2862368525309733,0.23246048390865326,0.012986808211416663,0.6608829988033272,-0.6672883236776016,0.3389122169301311,0.11255756
Town02_000360.png,0.38398582623839006,0.09223658426719343,0.18759063329217912,0.18263536045094003,0.0,0.2907155185808798,0.2401074469089508,0.010279650918674998,0.6718013308795278,-0.73446316473987,0.32788288456919923,0.09120476
Town02_005880.png,0.3997060113519092,0.10062459455173389,0.17268346023818965,0.1895844729506869,0.0,0.30509969072153714,0.24518221616744995,0.012672756682652421,0.698311256868755,-0.8419526788338967,0.3508812011694171,0.06922697
Town02_002760.png,0.3828240454076367,0.0945007071279722,0.20408672775304898,0.1882056421872155,0.0,0.2760740835623239,0.2318243533372879,0.014254348656387217,0.6522695831947988,-0.7759066762657344,0.3307326839121587,0.13515213
Town01_001500.png,0.43714791344169246,0.11474472395720064,0.14664254398493531,0.21260233393279918,0.0,0.3334959924195061,0.22929398715496063,0.01035294724701026,0.7488096248426075,-1.0424987176573344,0.3464589228441714,0.010102795
Town02_006660.png,0.39947055598555214,0.09958717971527228,0.19624905971497106,0.19809041853841636,0.0,0.28287695658922973,0.24045124650001526,0.00846931380137194,0.6705680750322563,-0.7714230963998464,0.32549605441123597,0.0811472
Town03_017520.png,0.32601033604231167,0.1171209893805858,0.1792469045114183,0.13841219198334642,0.0,0.29861931719415247,0.32305747270584106,0.01231787723345272,0.6452363466572425,-0.003640929667098625,0.33106559188853485,0.062697366
Town01_006540.png,0.40066076496388026,0.09703825273911947,0.17782691731449246,0.19215146110301703,0.0,0.30000099721826246,0.2407216727733612,0.009135386440437888,0.6926003391441591,-0.8428321428818489,0.33428132424513807,0.06960526
Town02_002160.png,0.3076786958204334,0.10421899874469892,0.2193279400543466,0.14277092515024584,0.0,0.263562397530864,0.3265095055103302,0.014170497556607781,0.5838231909296959,-0.08517828382897388,0.33972643802385466,0.22124588
Town02_006600.png,0.4126980940402477,0.09679468241760959,0.18900735347409328,0.20604349649173406,0.0,0.28940851128955336,0.24625466763973236,0.009479417961715135,0.6858806010785107,-0.8692425416200066,0.32845963811239265,0.07004934
Town03_015840.png,0.39708988003095974,0.10574204435404395,0.17354231222914038,0.18779730695683847,0.0,0.30423783686348516,0.20086665451526642,0.009114320150144682,0.6958771085643074,-0.6856480916990284,0.32306495115909456,0.06444079
Town03_015800.png,0.39733883191434466,0.10607049331331725,0.17339108916467663,0.18794261714876875,0.0,0.30438927572433266,0.20061706006526947,0.009023757183471941,0.6961941493024136,-0.688204103681945,0.3225872411206115,0.06418586
Town01_012300.png,0.4519388061145511,0.10184215879072885,0.14855203996408856,0.226316393049738,0.0,0.3312485360685075,0.1886487752199173,0.007441611399461745,0.7526156460773946,-1.4099988839276376,0.330814697660207,0.029987665
Town02_007320.png,0.38454697174922603,0.10012663683123808,0.20550521083953616,0.19010876516370223,0.0,0.2748708517511732,0.22898897528648376,0.014066637958072805,0.6517168872022954,-0.7266209827441215,0.3294105320167449,0.13916941
Town03_014780.png,0.25138340105779156,0.09308090327146994,0.16048189259675183,0.08894805217881788,0.0,0.3178295821205268,0.28922712802886963,0.01163698375118882,0.6103534454270059,0.3095825796226776,0.33662320667474693,0.12562089
Town02_004140.png,0.40859007352941173,0.09777545020452255,0.18255293545120124,0.20027142242862053,0.0,0.2954444495247721,0.233909010887146,0.007945253470325177,0.691186510362176,-0.8937809086566303,0.3219007227788021,0.05667352
Town04_001380.png,0.4224354682662539,0.08514465087719875,0.133467826387215,0.19626538552985695,0.0,0.34984935813960766,0.1457161158323288,0.00672514151945608,0.7599081932043331,-0.7516410498596222,0.32258791784374996,0.017759046
Town03_016920.png,0.22963225619195046,0.09724227988374634,0.14275289649930453,0.0731093625427467,0.0,0.33816602471036133,0.4437630772590637,0.00741640044820818,0.6166525558503037,0.8330074528273447,0.316205913413014,0.08270559
Town04_002640.png,0.4420220588235294,0.09599795709016036,0.1362297102456119,0.2139420344401952,0.0,0.34629125855114795,0.17031192779541016,0.00675306246079443,0.7644110791137071,-0.8486686909796792,0.3247975911899013,0.02462171
Town02_010620.png,0.4344417085913313,0.11806252143114356,0.16050788428822657,0.21450237908243794,0.0011143093,0.31780143740110217,0.23398646712303162,0.008078920556870837,0.730215994366844,-0.9676632776260795,0.3128424236016759,0.034465462
Town04_002880.png,0.44262872484520127,0.10016727087359857,0.13734757749407706,0.21478454510158024,0.0,0.3448715862038307,0.18548887968063354,0.006610667202897672,0.7631841560249485,-0.9171420895583551,0.3258014692706131,0.022286184
Town01_002160.png,0.34535007094943243,0.10602507781221071,0.2025920307475744,0.160310202427204,0.0,0.27735106430102113,0.25550368428230286,0.011834950499807761,0.6302674495264151,-0.4846056952017733,0.3236815286805752,0.17147616
Town02_007440.png,0.38622587719298246,0.09005961388071607,0.2090670456722985,0.19287945779963178,0.0,0.27188574701932433,0.2306240200996399,0.014063247688136141,0.6487997124315638,-0.7840335168765755,0.3352088453713332,0.1425699
Town02_002880.png,0.3446610713364293,0.125913007810879,0.1946245917213222,0.1566699857974665,0.0,0.28432092800576875,0.288604199886322,0.012164659720957526,0.6391066830094033,-0.2986899307140007,0.32378762895656754,0.10675987
Town02_007080.png,0.3847291182920537,0.10038543765431346,0.20510891046079074,0.1900861596121938,0.0,0.2752061793127432,0.22951418161392212,0.014098093091725853,0.6522623152663577,-0.7256017914272808,0.3294915740226637,0.13736431
Town01_004680.png,0.452796262254902,0.11300938848906873,0.1546846332394649,0.22895179087243764,0.0,0.3242211215661551,0.21968308091163635,0.008092071116372244,0.7453670816383239,-1.2646004991151372,0.3215365054459269,0.02694079
Town01_007320.png,0.44335068369453046,0.10278462501833638,0.1464207704553696,0.21799887075315158,0.0,0.3337589101251326,0.21668024361133575,0.010828277079665716,0.7517330324237189,-1.152184901924927,0.3476761840656236,0.015394737
Town01_004560.png,0.4445268479102167,0.09612030258003271,0.17955289689326578,0.22984336129575658,0.0,0.2983230217746612,0.22456258535385132,0.00850772172646148,0.7122917408932435,-1.249074800523351,0.3212437325856804,0.058001645
Town03_012720.png,0.4017531927244582,0.09064528641664879,0.15491220208691572,0.18540341821971318,0.0,0.32396574625975105,0.17518529295921326,0.010780677219288127,0.7217139711590834,-0.6845427435209277,0.3408317304531117,0.02557977
Town02_001500.png,0.35404774574303405,0.09904747401726546,0.20204684847909685,0.16617273524605927,0.0,0.2778191562676699,0.30336710810661316,0.010776815976648658,0.6366682024904615,-0.3900865142193613,0.33971744487043976,0.1203125
Town02_004800.png,0.4364161990454076,0.10395872192233316,0.1646190957841982,0.2175585454860479,0.0006126645,0.3134078953258358,0.23974762856960297,0.009226641069224387,0.7261074395650213,-1.014923000961661,0.3262270022610575,0.03319079
Town03_015220.png,0.22215260577915374,0.11677484135947319,0.14438046196733276,0.07019749805236851,0.0,0.33619663324971716,0.39982011914253235,0.012673196543839416,0.6060915789159789,0.610683372840007,0.3359007787622793,0.14500412
Town02_005520.png,0.4407073335913313,0.10539199857431086,0.1615841068765532,0.2203323774762743,0.0014021382,0.31664053111738377,0.21463310718536377,0.008477235982112145,0.7317177431913645,-1.1415813147416238,0.3230865422521801,0.03448191
Town01_001380.png,0.3752134126676987,0.10453735981277379,0.19787527619454262,0.17993972997480734,0.0,0.281443383048601,0.28299039602279663,0.009083772941581173,0.6547213719868356,-0.6753425843127077,0.3353928973786873,0.12765625
Town02_002640.png,0.4043347039473684,0.09648660402063626,0.17933059574451485,0.19564601538628873,0.0,0.2985382435042245,0.245488703250885,0.009563092762904955,0.6927509724043042,-0.8214519429228835,0.3295590295021204,0.07051809
Town02_004260.png,0.37149256643446854,0.10856313693905643,0.20064142439825652,0.17826370810062922,0.0,0.2790317518517781,0.265018105506897,0.0110987552864283,0.6493104279092181,-0.535506421835328,0.33202969291122064,0.09171875
Town02_006840.png,0.4028461042311661,0.10673278159723786,0.1955292504416743,0.20051667147251062,0.0,0.28351527657038134,0.26856517791748047,0.010959034101256602,0.6732331153996466,-0.8108887708757743,0.3206583292363146,0.09336348
Town03_017360.png,0.21041482843137255,0.12253814424912321,0.14626745447779782,0.06566856826321862,0.0,0.3339409308696254,0.4128745198249817,0.014267189238956677,0.5899222879590595,0.653597510953803,0.33523097803617086,0.17601562
Town03_014160.png,0.43521626676986586,0.0922130311359817,0.14596465416099394,0.21071887912543769,0.0,0.3343009265003055,0.17891694605350494,0.007652372063376434,0.7488481659780342,-0.885416674966532,0.32696258165527803,0.021706417
Town03_012840.png,0.3350869936790506,0.1000092975558004,0.17569793794201982,0.1431530587299419,0.0,0.30209332426057733,0.2876380383968353,0.008025972424573547,0.6560236469581505,-0.30685388240485156,0.32482866505450697,0.079699844
Town01_005580.png,0.43768980585655315,0.09926146081799118,0.1588336847503853,0.21680050556213198,0.0,0.31962293768231925,0.204002246260643,0.008287992219591655,0.7337344006058296,-1.2275773621435824,0.3338172678695875,0.029272204
Town03_015820.png,0.39752567079463363,0.10629824765516255,0.17330326429415627,0.18806068035573364,0.0,0.3044772945294939,0.20074589550495148,0.008990174705072948,0.6964007013861174,-0.688640043022584,0.32295089230837976,0.06395559
Town03_015560.png,0.37679534313725493,0.09630684102609097,0.18231801659013314,0.17521458978328172,0.0,0.2956681528465204,0.22588865458965302,0.008116745077804082,0.6739158286157647,-0.5150263255712985,0.31803754160014774,0.07556333
Town02_001680.png,0.3636582333591331,0.0915812245408976,0.20793565394676475,0.17548454687215448,8.223684e-06,0.27282843151969993,0.2690329849720001,0.015434377086748014,0.6362178487391096,-0.5137696581327946,0.3360489639419389,0.12412418
Town02_006540.png,0.3376112132352941,0.11383630626393057,0.18954249584689115,0.1499076890340759,0.0,0.28891735497456345,0.2947898805141449,0.006586857281612334,0.6404416916614047,-0.3544538766041048,0.313772484193322,0.10111019
Town02_007200.png,0.3663252547729618,0.10309002648186007,0.2117859539142528,0.1790474825598454,0.0,0.2696411345101265,0.25313156843185425,0.015186961366073773,0.6336587999737463,-0.5230230090167016,0.3274693388841688,0.15810032
Town01_002460.png,0.44643188854489163,0.1042079091465484,0.1635187071905338,0.22603979871102206,0.0,0.3145730147940245,0.2005273550748825,0.011015712327242558,0.7319148331643488,-1.527441143865982,0.32419956763613544,0.06527549
Town01_011940.png,0.3897355682404541,0.1072624138279629,0.19013323762549694,0.18804446120166338,0.0,0.2883767709052875,0.2341783493757248,0.01321346938930371,0.6721099053295039,-0.7985143468634412,0.32524493952100875,0.10372944
Town03_015020.png,0.21569161184210525,0.11969281558607463,0.14876240052641168,0.06865312322942592,0.0,0.33100270308940855,0.40932825207710266,0.012479416317610634,0.5918212023985086,0.7681631316889023,0.3318919794556414,0.13820723
Town02_007980.png,0.3547274090557275,0.11149518261478261,0.19895187474587384,0.16541338320028734,0.0,0.28050078189295385,0.27004292607307434,0.013954126828750078,0.6406730744827934,-0.4430140913167566,0.3377960830234794,0.13382402
Town03_014320.png,0.43400711106811146,0.09553178123218635,0.14813152385194173,0.21030512081638644,0.0,0.33174098681652386,0.17935125529766083,0.00785819446973836,0.7455390949932023,-0.9139719740167758,0.32702427407838086,0.024362663
Town03_017540.png,0.38014056050051603,0.10405192368785059,0.18566968029821213,0.17898007591968673,0.0,0.29250360663200714,0.25486940145492554,0.012286914445860903,0.6718516793502041,-0.6084053443441165,0.3334051968924455,0.06631579
Town02_002400.png,0.3529115228328173,0.10011506379054913,0.19475081296131247,0.16247442209727028,0.0,0.28420826726491855,0.2734048068523407,0.0063098680416439025,0.6443961903931419,-0.3277739360738716,0.31645467427839213,0.08014392
Town03_018020.png,0.22829324690402475,0.11114330865093273,0.14691305711920963,0.07370125293409416,0.0,0.3331758155352589,0.40361344814300537,0.012189098954855421,0.608447258034415,0.7031819140124487,0.33228205757800416,0.11457236
Town01_010500.png,0.416500951367389,0.1065775920309914,0.17488343413776833,0.20405725802575925,0.0,0.30290052393298283,0.2518574297428131,0.008332073696351605,0.7042812788910503,-1.0479013580573278,0.32509283027179364,0.06439967
Town02_003720.png,0.35590097716718266,0.09342091665209351,0.203817049734458,0.16820689531101396,0.0,0.27630380269667043,0.2667807936668396,0.013727282522916285,0.6358576283711327,-0.3290612328265723,0.3344955272941032,0.111681744
Town02_006960.png,0.38936056824045406,0.08790845582394564,0.21327094149297046,0.19708614658582738,0.0,0.26842731854985064,0.2361728549003601,0.015157859578299841,0.6461005804149726,-0.8161396615922552,0.3283645994518307,0.16404605
Town01_002220.png,0.34540416989164086,0.10598674588679433,0.20254612600292865,0.16032897373732774,0.0,0.27739040495741085,0.255972295999527,0.011782704526599085,0.6303567539881022,-0.48465696265592556,0.3234133895212299,0.1719079
Town03_017380.png,0.20850986842105262,0.1376705546413466,0.1479485602077587,0.06536514169651347,0.0,0.33195569821609994,0.4222368597984314,0.014114254765373643,0.5849486269694573,0.6205764950826805,0.3338093765550349,0.19054689
Town01_005280.png,0.44581970781733743,0.1134352364489877,0.15788171764141695,0.22368184864374033,0.0,0.3206672513771989,0.2020236700773239,0.00732333464861693,0.7384771494445254,-1.331867605375271,0.33052500511721566,0.03725329
Town02_001440.png,0.3425262351651187,0.09611470757657091,0.21029233358833774,0.1615470873424189,0.0,0.2708706171577894,0.27560973167419434,0.017229171978388882,0.6195997285568369,-0.33565656345778533,0.34831222083095453,0.16988076
Town03_013260.png,0.38748510061919506,0.1477527543183595,0.18350018000530186,0.18381701926384592,0.0,0.2945453782918859,0.24256472289562225,0.011936403129363199,0.6786253757168361,-0.4868907814177479,0.3141930790005041,0.051710524
Town04_002700.png,0.44224775864293087,0.094949029158339,0.1329782510941519,0.21326629528875535,0.0,0.3504877523828729,0.16309159994125366,0.00592188606608794,0.7688243423048935,-0.7249757612869816,0.3215527028656765,0.012837172
Town03_015980.png,0.3972943756449948,0.10169022032424262,0.17376073321585583,0.18803561332685817,0.0,0.3040193384190704,0.19989176094532013,0.00886560558692001,0.6957198516448623,-0.6949496010329322,0.32178827144866373,0.06536184
Town03_015500.png,0.32311330946852423,0.10749766339864919,0.18319932823153104,0.13796420462018658,0.0,0.29483044085302995,0.33568254113197327,0.007890421067807926,0.6381695525342853,0.14621783590014034,0.31963287239491556,0.061685856
Town01_005640.png,0.4305048374613003,0.09964219086396561,0.15878275596728542,0.21054637867014708,0.0,0.3196786521804374,0.2022797167301178,0.010199069816265002,0.7305513339045429,-1.1118715959061771,0.34855605079815505,0.035234377
Town03_017500.png,0.22386411571207432,0.12794673096490383,0.13341060536913957,0.06791353192850928,0.0,0.3499238459732424,0.40267375111579895,0.013166483538719922,0.6265881756482139,0.5961165402176577,0.33376585929607666,0.12813734
Town01_011520.png,0.4628236906604747,0.10710206073889718,0.14588885092865767,0.23548932546186696,0.0,0.33439114001934783,0.20767132937908173,0.008506885256682655,0.7603321091797934,-1.475158714043326,0.32379494654589114,0.02969161
Town02_006900.png,0.4027984713622291,0.10675166011776098,0.19553579858245237,0.20048085705902585,0.0,0.28350948771845647,0.2687537670135498,0.0109927794724701,0.6731997339431511,-0.81004656963815,0.32078094871258483,0.09327714
Town04_001980.png,0.42755388931888544,0.08988162623745288,0.13389272786047948,0.20072959084562614,0.0,0.3492972023691032,0.15515300631523132,0.007049530924340842,0.7615218904283317,-0.8550635731082213,0.3385640601903407,0.021332238
Town04_002460.png,0.4245687080753354,0.0874223532559472,0.13956944971048382,0.19973821916924667,0.0,0.34208384868938224,0.15722374618053436,0.007520135094801594,0.7525970406118382,-0.8145405520946156,0.32598875304168506,0.033067435
Town01_009000.png,0.43070897832817334,0.10949626492667888,0.1576704106099945,0.21037018239442326,0.0,0.3208999044667682,0.21670030057430267,0.008361545281167162,0.7320259451588798,-0.9859161134639984,0.3235177025362846,0.02870477
Town03_018260.png,0.22498584236326108,0.11829381505419317,0.13897234536992,0.06993194204152249,0.0,0.3428286355385061,0.39192822575569153,0.01303798159614723,0.6181639812536851,0.5854962148467229,0.33365969288348796,0.12679276
Town01_012780.png,0.4410029024767802,0.10372206316381491,0.14128198044304593,0.21444415799085378,0.0,0.33996527781872005,0.19045373797416687,0.011991476835832371,0.7573662229314659,-1.1423552332884672,0.34978214929193013,0.01834704
Town03_014540.png,0.43812233939628487,0.08888392012961589,0.14307172802727053,0.2124207036387827,0.0,0.33777845931471906,0.17380675673484802,0.007072692436107569,0.7538314031816047,-0.9045671614694446,0.32706834616547964,0.01895148
Town01_001440.png,0.3775077238132095,0.10127715239578358,0.19743526779860798,0.18149276650933852,0.0,0.2818300896852239,0.276488333940506,0.009067622650195268,0.6566002704531465,-0.6943052010094025,0.33222832651422174,0.12286596
Town01_005040.png,0.4378704850361197,0.10649746042808825,0.17216490871575824,0.2213713174588721,0.0,0.3056221322166678,0.21311238408088684,0.012221941333292864,0.7177788198729798,-1.2486855455983696,0.31961501865897035,0.053733554
Town03_016400.png,0.4181281282249742,0.08254087651930384,0.1406086245094881,0.19460191689937065,0.0,0.3407952122085828,0.13939636945724487,0.007076586181428195,0.7483454885494909,-0.7386342735434988,0.3272377126091941,0.023684211
Town03_014020.png,0.43542085913312695,0.09239211363520541,0.14638709329182784,0.21102050565066063,0.0,0.3337988849797604,0.1791197955608368,0.007905531273396871,0.748392759653696,-0.8937177366982204,0.3270487253499035,0.022438323
Town01_008700.png,0.44759137964396284,0.09731445146637792,0.1555386647815758,0.22453031937362147,0.0,0.3232646494731701,0.2164650559425354,0.00889477351828244,0.7421142152538202,-1.3641312710545739,0.32961820021384103,0.03596217
Town02_007800.png,0.40915591137770896,0.1132792314641222,0.17482297363376006,0.19797163192547398,0.0,0.30296059029556194,0.2353478968143463,0.01158735810113519,0.7006347692557369,-0.8910737401501011,0.3323519177132307,0.062327303
Town01_003600.png,0.4387558694530444,0.10993419804716681,0.15592302295855348,0.2168187020680305,0.0,0.3228358932803899,0.2253570854663849,0.012031368628462739,0.7378029975888782,-1.1697597469344265,0.34369198519622046,0.026949015
Town01_007620.png,0.4091596039731682,0.12355451649243832,0.16078541942791982,0.1932635326240919,0.0,0.31750131334376847,0.26345211267471313,0.008334302975576195,0.7178931074849955,-0.9863279739514623,0.3168114474075632,0.046583056
Town03_015760.png,0.39793840299277605,0.1020881597660588,0.17093016565866953,0.18757209410854137,4.111842e-06,0.306872501758203,0.20190660655498505,0.00770184708816447,0.6995260854518516,-0.6721370346478087,0.3197863295504492,0.04950658
Town03_013320.png,0.38756915957172344,0.14799276932615701,0.18352023409514187,0.18388952977346762,0.0,0.29452641118683687,0.24497193098068237,0.011744260178271515,0.6786488487495729,-0.49265370815658954,0.3142490445249341,0.05212993
Town03_013480.png,0.39085831075851396,0.14653108129963466,0.18114104104582052,0.18558229584016267,0.0,0.29679324426957615,0.23892804980278015,0.01106669891640867,0.6833194993993965,-0.5201813588387008,0.3125851775297619,0.04784128
Town03_019500.png,0.3871581043601651,0.0978675504334246,0.1576185395550426,0.17473500178322107,0.0,0.32095706303736266,0.18983827531337738,0.009631309440700949,0.7106730963168002,-0.6347864584394958,0.32413571286703824,0.049925987
Town03_016820.png,0.3069719749742002,0.09169804761676266,0.19286471145662096,0.1314285903448066,0.0,0.2858988838148013,0.26664620637893677,0.012292451410388717,0.6141445461758877,-0.08908285114169716,0.3405583634554313,0.13020149
Town03_013120.png,0.37743853199174404,0.09404697526356585,0.1673081606692218,0.17045186605860096,0.0,0.3105931422550368,0.1895083487033844,0.010508116311540097,0.6928697999447593,-0.5249429661426392,0.3313003469884978,0.0400699
Town04_002040.png,0.4554433372033024,0.09178666425318102,0.12337631159175066,0.2226503476648657,0.0,0.36350727226745905,0.15414783358573914,0.008078430487261984,0.7868484390959364,-1.1181209740177802,0.3481672733705994,0.015452302
Town03_014920.png,0.20945680147058823,0.1025039956998507,0.1430501886930452,0.06433550816740527,0.0,0.3378046011622391,0.4125363826751709,0.013070946397134707,0.5941919090740779,0.9173305845695715,0.3385698791929374,0.12701069
Town03_014640.png,0.43327700915892675,0.08918728712207631,0.14449361815856016,0.2086073723542565,0.0,0.33606050802983,0.17793740332126617,0.0070609284890426754,0.7499117965569947,-0.9016510251801381,0.3259769607141581,0.021126645
Town01_003900.png,0.333875177373581,0.11332097420773327,0.2079746499612817,0.15472608909275778,0.0,0.27279583862209356,0.31422147154808044,0.014837551473117628,0.6161765871396737,-0.2534774357851625,0.33480247786331,0.15987664
Town02_002520.png,0.37117285861713106,0.10240937085454643,0.19353609276891676,0.17522551017827148,0.0,0.28529522348147635,0.2639480233192444,0.011676723274449099,0.6572816982630282,-0.542854003313743,0.31915683352505875,0.09799342
Town02_009060.png,0.41454498839009285,0.10741758519755962,0.18087160404026673,0.2045620845474412,5.3453943e-05,0.2970518310756898,0.2375423014163971,0.004998265722697748,0.6962267992410295,-0.8536544905324298,0.3089118145639779,0.04949013
Town01_007380.png,0.41049900025799796,0.17375782677840707,0.18721684435588595,0.20355957602339175,0.0,0.2910620238015069,0.29639947414398193,0.009867556759545922,0.6867795189472383,-0.8208183353451223,0.33822074726047713,0.07655428
Town02_009300.png,0.35343175954592365,0.12944430215007235,0.20816880166027252,0.16824825864040135,0.0,0.2726337218899247,0.298032283782959,0.013940686906857689,0.629329427239441,-0.3379796728022638,0.3282008264478695,0.12834293
Town02_006420.png,0.3568635997162023,0.09298248469860276,0.1951795108185023,0.16544667024575568,0.0,0.2838262999121961,0.25823476910591125,0.00810573210708432,0.6464415421201369,-0.46348682727283497,0.3139454040005736,0.090842925
Town02_008400.png,0.3643647929566563,0.09720202111662561,0.17896839816473606,0.16479138988799846,0.0,0.29888945738072975,0.24233068525791168,0.008829187154738054,0.6706102238634468,-0.4548008901143475,0.3141276035382706,0.054329768
Town01_008040.png,0.4687666408668731,0.09523421350234185,0.1530999314189428,0.24318175259009697,0.0,0.3260099982492076,0.2066248506307602,0.0074730022865699425,0.7538058190107417,-1.5713749388087301,0.3206516867510335,0.035320725
Town01_012540.png,0.44468234004127966,0.0942789272343704,0.1558423133414436,0.22202921017220095,0.0,0.3229258438888134,0.19519908726215363,0.008545476056779784,0.740489732615254,-1.406791053151017,0.3489054908884295,0.034235198
Town02_006240.png,0.358702463880289,0.08903977752110324,0.1798733256932466,0.16102187088973882,0.0,0.2980132810899627,0.24668847024440765,0.008624228029705175,0.6660204019534642,-0.44941025439055066,0.3120059550455595,0.061262332
Town03_016340.png,0.415171891124871,0.08272968016501928,0.1427101479198396,0.19273388549950424,0.0,0.3382180656129131,0.1427648663520813,0.0074208778506242535,0.7441929691922089,-0.7087236429956132,0.32770721230740585,0.02490954
Town03_015620.png,0.3763693401702787,0.09641828922717224,0.18262335604256505,0.17500517039246039,0.0,0.2953774604240991,0.22627688944339752,0.008218598615916955,0.6732992089051684,-0.5124936088051663,0.3180504326666175,0.07680921
Town02_009180.png,0.37472336171310633,0.10305335267902802,0.2077635081534855,0.18358327313381484,0.0,0.272972282587019,0.2523886561393738,0.012635903321596954,0.6433164094732331,-0.5610291791140594,0.3368901484987133,0.13307977
Town03_016480.png,0.32024161506707943,0.08764453353982268,0.1728214332624471,0.13242193981565797,0.0,0.3049609674423475,0.24658116698265076,0.006443527540014974,0.6494942505356506,-0.10232165618611072,0.32175441555179574,0.07570724
Town02_008040.png,0.3642261513157895,0.17222592725946018,0.19916059119537577,0.17232563038760396,0.00013569079,0.28031861728058355,0.28050896525382996,0.014008906493453937,0.6464940045748743,-0.47827477542582875,0.33073304102471335,0.12679276
Town01_008880.png,0.39010273155314756,0.10176774159000519,0.19042924812556233,0.1884434397068941,0.0,0.28810653071858505,0.23170149326324463,0.013013661117181647,0.6719745770813426,-0.7992254276252319,0.3249762235683221,0.102656245
Town02_008520.png,0.2967766060371517,0.10392906535665405,0.18859399099399626,0.12364404732997436,0.0,0.28978886873269183,0.33928346633911133,0.006713302322993182,0.6114433132712576,-0.02403859922811398,0.3025683368496177,0.14162007
Town03_019820.png,0.4119240518575851,0.09950026482523636,0.15817335299100024,0.19470023409518603,0.0,0.32034668534919253,0.20028860867023468,0.006366465959448794,0.7225503016254818,-0.8879830331206979,0.3114463326427398,0.0449301
Town01_003420.png,0.4252832656088751,0.10944509170796711,0.17049679107645557,0.20993501177431753,0.0,0.3073135171183566,0.2440592497587204,0.010653430866670715,0.7138259510514314,-1.0151970993958546,0.33452795553772763,0.0417352
Town02_003240.png,0.3723342202012384,0.10124459644084276,0.19911055411026476,0.17827778429096097,0.0,0.2803622964077561,0.29524266719818115,0.0065966026477670536,0.6515664101124876,-0.5423910285822735,0.31882933390133833,0.08915296
Town01_011340.png,0.46287933759029926,0.10793917235576292,0.14542755290372783,0.23540645431160087,0.0,0.33494131284464956,0.2075396180152893,0.00823752187923673,0.7609306170846405,-1.4773732376185402,0.32322478059744064,0.02928865
Town03_017560.png,0.3791319014447885,0.0974679103149037,0.18510371005921034,0.17800438217082507,0.0,0.29303393142394774,0.2491302490234375,0.009974443786802645,0.6719389802565678,-0.595138884177741,0.3301957568641276,0.064560026
Town03_019720.png,0.39024798439112485,0.09948866872858349,0.1707230269960644,0.18143984126803447,0.0,0.30708316210499087,0.22853350639343262,0.00856034027904247,0.69566515281926,-0.7642569108653063,0.3327690133535393,0.07375412
Town02_011040.png,0.4018042440660475,0.12608906053081986,0.20182322840115788,0.20217926607175377,0.0,0.2780115342392316,0.25275081396102905,0.011279814823246118,0.665649365489695,-0.8347336074569411,0.32066088386358776,0.11616365
Town03_016380.png,0.41868725812693497,0.08238613984136273,0.14013355477724276,0.1949364332923571,0.0,0.3413831272963464,0.13896794617176056,0.006973821556486372,0.7492334723927803,-0.741299445757771,0.3276174010918953,0.02298931
Town01_008160.png,0.4554158120485036,0.10372837475157143,0.16550171491111185,0.23479437950231694,0.0,0.31247899034062704,0.21456891298294067,0.006606197641595336,0.7334562035150296,-1.3915838343571871,0.3191767351933342,0.0436102
Town02_004920.png,0.36984400799793604,0.10130213519320486,0.1869134466222492,0.17172122678018575,0.0,0.2913437627602512,0.281621515750885,0.011209073053886158,0.6642820942993748,-0.4455329499151095,0.3301258376438903,0.07516036
Town03_016160.png,0.3945400058049536,0.09793913732182027,0.17130683789927315,0.18500784889162053,0.0,0.3064901114169654,0.18755964934825897,0.008904194489973491,0.697255821371763,-0.6672436498122998,0.32107714799556025,0.069745064
Town03_014480.png,0.43808521994324046,0.0890657417753892,0.14313521240325955,0.21240634896244362,0.0,0.3377013997028463,0.17404285073280334,0.0071024094983710715,0.7537333437247672,-0.9058265398808062,0.3274621275498298,0.019037828
Town03_017600.png,0.40327758965428273,0.09367115850622137,0.16894673629301316,0.19117581402142905,0.0,0.3089000563248546,0.21112172305583954,0.007849497915781382,0.7047543617776725,-0.7874056066626269,0.3241408889338337,0.039280426
Town02_010380.png,0.4156767608359133,0.11848494675472436,0.173704517601525,0.20296042893421554,0.0,0.3040755509211296,0.24885350465774536,0.00966023885044214,0.7052764925114239,-0.914557675122985,0.3276341890739973,0.04772204
Town03_019900.png,0.40754426277089784,0.10022506205533818,0.15975589594880354,0.19161427240787954,0.0,0.3186172265884094,0.21238437294960022,0.0068874610473704445,0.7183926471349535,-0.6442212973961626,0.3201523946863416,0.033597864
Town02_009720.png,0.33052159120227037,0.09948645337878015,0.2085414514061576,0.15273405920546756,0.0,0.2723230334791277,0.2974783778190613,0.01588810629514964,0.6131408853014516,-0.2963620784062097,0.3372226098805948,0.18599917
Town03_016360.png,0.4187489035087719,0.08228430760813488,0.140110646679628,0.19498163750278227,0.0,0.3414115473119255,0.1387472301721573,0.0069445091968676,0.7492918450408897,-0.741737437753363,0.3274598806458604,0.023178454
Town03_015360.png,0.24332146542827657,0.10612992175286613,0.15903604906737934,0.08449780044112587,0.0,0.31940175407872773,0.37474116683006287,0.011333574890224407,0.604739458413143,0.5990034870497163,0.32308934104174536,0.14168175
Town03_013040.png,0.39815171891124873,0.09703661214881931,0.1590148967345344,0.18381052865547656,0.0,0.31942486828309874,0.19151052832603455,0.008833492684999696,0.7146008172470061,-0.732003269654593,0.32750905508110023,0.03909128
Town01_009480.png,0.4488445239938081,0.10109382650687508,0.14769027298472265,0.22327382345353006,0.0,0.33225922835800653,0.19175460934638977,0.01201844103482466,0.7524196848829512,-1.3008400949439167,0.35104924891840833,0.018918585
Town03_017140.png,0.2109175212848297,0.11786907115975115,0.14564307664904347,0.06569810656073576,0.0,0.33468405603227197,0.41106149554252625,0.013679965322042131,0.5915334517717759,0.6490327389417754,0.33390520073250424,0.1741283
Town03_013820.png,0.3888043408152735,0.15017857671592533,0.18041113364192887,0.1837169925787654,0.0,0.29749464366964035,0.26030445098876953,0.00737351233837188,0.6830530058221742,-0.4595015250273047,0.30449992540393933,0.03782895
Town01_008280.png,0.45041645704334365,0.09675130065680289,0.16675106179912078,0.23068090138661246,0.0,0.3111725498769099,0.22040660679340363,0.00824583130982011,0.7298123171801187,-1.2409000485436836,0.32114364811110874,0.028141448
Town01_011280.png,0.4334551728586171,0.09862060113979881,0.164865736863894,0.2150640980695684,0.0,0.31314782612450043,0.20942167937755585,0.007427495118274349,0.7244526570719964,-1.0238118411642239,0.32291758436683504,0.030982729
Town03_013440.png,0.3904424342105263,0.147570917386684,0.18269955694437967,0.18582442253991374,0.0,0.2953050069322952,0.24079935252666473,0.011530008195228555,0.6812315974215271,-0.5009623442303373,0.3131761208288677,0.049226977
Town03_019780.png,0.43284729747162026,0.09518496739515026,0.14605015107133784,0.20868742955644587,0.0,0.33419918599174436,0.16852180659770966,0.006621283059147292,0.747709803406014,-1.054473637726285,0.31395373077278627,0.03792763
Town03_019360.png,0.42458336558307536,0.09125273171780288,0.1404074119241484,0.1999852756530889,0.0,0.34104397578871676,0.14833585917949677,0.007804256713005121,0.7514872498041381,-1.0085092933022621,0.33721082454912144,0.026805097
Town03_017180.png,0.21081341911764706,0.11801723286466487,0.14559008993641262,0.06563877196776544,0.0,0.33474725505493347,0.4113135039806366,0.013706041325198816,0.5915020860876947,0.649982785732006,0.3341034062619315,0.17415708
Town02_003960.png,0.4076852263931888,0.10033482370410111,0.182695424377853,0.1995848619078694,0.0,0.2953089233645549,0.23620299994945526,0.008205496241324188,0.6905463887301666,-0.8821262577743564,0.3227528292033303,0.056710526
Town02_002220.png,0.3799716524767802,0.09678266462839394,0.20789481738359655,0.1875987117808939,0.0,0.27286252648100523,0.24864065647125244,0.012960225571136606,0.6463570758537722,-0.6786602220851805,0.33077290282907645,0.1409745
Town02_006360.png,0.3606140673374613,0.08883636906440806,0.18012722166486034,0.16248832154636875,0.0,0.29776825395368484,0.24449339509010315,0.008327818500981405,0.6668883524257023,-0.4633557278587887,0.3104662912820862,0.061731085
Town03_017680.png,0.4027489035087719,0.09480594754507693,0.16944516142878852,0.19091834200914623,0.0,0.3083883343693287,0.21164485812187195,0.008042316214411463,0.7038676703595631,-0.784903417279275,0.3249402902910458,0.039810855
Town03_013180.png,0.41117727683178534,0.11474436714202821,0.1627475033450808,0.1955535028278598,0.0,0.3153942632520888,0.1928703635931015,0.010450996453793073,0.716430603810098,-0.8027383239750364,0.31892571723898794,0.034917764
Town03_016180.png,0.3943190789473684,0.0981122331626215,0.17135677845549818,0.18485068154454765,0.0,0.3064394939608436,0.18773777782917023,0.008906630799894774,0.6970760264198503,-0.6650654925546834,0.32091013855717804,0.069967106
Town01_010980.png,0.42034328237874097,0.10304752499762335,0.17444510467524277,0.20711956958609043,0.0,0.3033364772601807,0.2095821648836136,0.008803950403690888,0.7067106411290373,-0.9438156062144104,0.32263043624836296,0.045810036
Town03_013220.png,0.3882888770639835,0.14826129432515836,0.1830915107671867,0.18429075336662015,0.0,0.29493270634354707,0.24289390444755554,0.011627301113944031,0.6795628364340437,-0.49559345262550436,0.3138617150276697,0.051430922
Town01_001680.png,0.3813219169246646,0.1266305974893375,0.19509449616185345,0.1834682667597483,0.0,0.28390199633624463,0.27790942788124084,0.009142569280033994,0.6615389642652088,-0.7547975573906509,0.3330104149461613,0.12264392
Town02_007920.png,0.4281015544375645,0.09290970844212366,0.1706973696061718,0.21240853290232498,0.0,0.3071092550639953,0.21320895850658417,0.011231705922823205,0.7149337402253905,-1.2212425306361765,0.3411427696238968,0.06425165
Town01_008520.png,0.44879023155314757,0.10088306808795502,0.1701462345003214,0.23036241305216618,0.0,0.30767105147081447,0.21424877643585205,0.008540820332260873,0.7250990305779496,-1.237128622085323,0.31631859973596455,0.031620067
Town03_016560.png,0.35511392221362226,0.08961024761973085,0.18456987625327675,0.1601719369700925,0.0,0.2935356504221499,0.23334331810474396,0.007381098110038649,0.6580036739968927,-0.3747118814612212,0.32782990583862354,0.085090466
Town01_001140.png,0.4265924922600619,0.10092172498667885,0.16542412001543147,0.20934629393553075,0.0,0.31256045726299103,0.2401123046875,0.010027539382626115,0.7205752058073842,-1.039599128369911,0.33317469181041265,0.037697367
Town04_004920.png,0.4342236842105263,0.09955260242316813,0.12922964486015756,0.20525050904004535,0.0,0.35545512889531006,0.1752530336380005,0.007049724928671159,0.7706471180079452,-0.9205260587966779,0.33655180582773364,0.022759045
Town03_015460.png,0.26063490067079464,0.10852394398694151,0.16725920192700602,0.09590619207693402,0.0,0.31064398438124596,0.37882256507873535,0.01101919959934438,0.6091107567609827,0.5501498652264604,0.32811027781136104,0.12198602
Town02_007380.png,0.38452242969556244,0.10008767480723144,0.205506681586673,0.19009049511574494,0.0,0.27486961821616535,0.22884038090705872,0.014097623004310085,0.6517007759742086,-0.7264960804472508,0.3294954797666405,0.1389268
Town03_013160.png,0.39727763802889576,0.09619641493116375,0.16695376683169166,0.1857030819371091,0.0,0.3109615153193807,0.1891331821680069,0.009598862153220419,0.7041040866901849,-0.6889828380978051,0.3208939771890957,0.038947366
Town03_013980.png,0.42568030830753356,0.10756333554460183,0.1437071987289046,0.20185548384730576,0.0,0.3370085878985407,0.18976424634456635,0.008507398217284851,0.7476109029750347,-0.8190890959222976,0.31478036427496403,0.018898025
Town03_017580.png,0.40179305340557275,0.09550316067117033,0.16868083443305593,0.18989088167000545,0.0,0.3091736824859834,0.2118583768606186,0.008155526088144235,0.7043145390935207,-0.7652411155638791,0.32462640748571275,0.03772615
Town02_000720.png,0.35380543730650155,0.0946264316058411,0.20277590881758115,0.16629635666444084,0.0,0.27719343893027665,0.24523288011550903,0.01230400794734819,0.6356760601938978,-0.4544737150366365,0.34082182618285145,0.13435444
Town03_019600.png,0.38838515866873063,0.09479067068307952,0.15621971788662203,0.1752476317307109,0.0,0.322505647044239,0.18837039172649384,0.00916020533600437,0.713150350575844,-0.640307008148691,0.3233465298852632,0.047574013
Town02_005700.png,0.3989292601909185,0.13870581629077258,0.1690853124168716,0.18773439751158463,0.0,0.308757629415557,0.26234298944473267,0.011541486194581032,0.7023222279876861,-0.7697840395230625,0.3317936349004522,0.04867187
Town01_008460.png,0.4449159571723426,0.10532383952445121,0.1727769146780674,0.22780207119225393,0.0,0.3050056953067234,0.2225506454706192,0.008747761994374634,0.7202866949253767,-1.1747291996237617,0.3177582534454559,0.035423517
Town01_001620.png,0.4633353811919505,0.11712971715272157,0.14615213543658498,0.236040122156964,3.2894735e-05,0.3340779452398666,0.2238701730966568,0.00796859596005585,0.7602048746217844,-1.4046536102960945,0.334670231876907,0.025304276
Town03_017260.png,0.21098953495872033,0.11746215805884265,0.1459214727184739,0.06580966006242538,0.0,0.3343523125609337,0.4102519750595093,0.013997427735283998,0.5911544625890773,0.6546109468191539,0.33406174580433157,0.17432977
Town01_004800.png,0.42897162022703816,0.09899199652105273,0.17827499207084116,0.2157986237580688,0.0,0.29956381298738743,0.24188733100891113,0.008373539529330825,0.7064207712515114,-1.0817463192309704,0.3141937295595763,0.050662007
Town03_016020.png,0.4105047245872033,0.09432355631380136,0.15798738659601438,0.19347414323185408,1.6447368e-05,0.32055101226100013,0.1676807403564453,0.008278101034015255,0.722093968383293,-0.7867953993584641,0.32352474225375594,0.04796464
Town03_014280.png,0.4349510287667699,0.09367491076876974,0.1464850903008114,0.21064027910570826,0.0,0.33368261949674305,0.1787305325269699,0.007791391595337826,0.7480633116410833,-0.8975527234230383,0.32698566054300343,0.023322368
Town02_001740.png,0.3471501870485036,0.10323881729959476,0.21138477574509998,0.1651967757846172,0.0,0.2699705176667743,0.3088724613189697,0.012645540176855055,0.6215370749358311,-0.2841569450750853,0.3256931248497557,0.13199836
Town03_014960.png,0.19634679760061918,0.1159133538957987,0.13209026796803983,0.055999903819887065,0.0,0.3516516638920102,0.42514416575431824,0.014045215402982656,0.5978216777610605,0.8196168762763378,0.3425958237831621,0.16018093
Town01_003120.png,0.440983939628483,0.10454615779541543,0.1700810134368683,0.22339438614196966,0.0011348685,0.30773765347930704,0.21597081422805786,0.01189504264554119,0.7216645912812164,-1.2259816996178627,0.31739863222978154,0.051521383
Town02_003300.png,0.37292008513931885,0.10133617948732201,0.19888064246149287,0.17862289984621302,0.0,0.28056298185927675,0.29469239711761475,0.0063353549495133435,0.6521853980117488,-0.5470861205175368,0.3167665879665533,0.088713
Town03_015320.png,0.23054653637770897,0.11339168390912155,0.13912429505190493,0.07250727490944779,0.0,0.3426388112647956,0.39224156737327576,0.012398829777008843,0.6236535770530451,0.6374646302596965,0.32502233948307296,0.12561266
Town02_001260.png,0.3681980617905057,0.09988768666030191,0.19258716925657182,0.1726596304685444,0.0,0.2861490526391222,0.2850654423236847,0.013193123596187704,0.6565758892709634,-0.5237057965884103,0.34967669139542823,0.07310033
Town01_010260.png,0.4146471555727554,0.11326890854518684,0.18693700499397226,0.20687770746069326,0.0,0.291321879992265,0.25783249735832214,0.00996756004775491,0.6892587649832795,-1.0175690589422086,0.32662660839089996,0.0870148
Town03_014520.png,0.43809865196078435,0.08920954879703698,0.14311685299764582,0.2124128624618062,0.0,0.3377236873466615,0.17395466566085815,0.007116978793581416,0.75376284389137,-0.9055065292072639,0.32750137911353755,0.018976152
Town01_003300.png,0.41372232972136225,0.09865056800968401,0.17775013836265033,0.20276127779801295,0.00016858554,0.3000760129588176,0.24392756819725037,0.007455523938161436,0.6994785928652333,-0.914789599020419,0.310718175762455,0.045415297
Town03_013680.png,0.3891202754127967,0.14893167115920913,0.17957478578906516,0.1836616924285194,0.0,0.29830184698746115,0.2587594985961914,0.007446059587405653,0.6842336111792666,-0.4586345560345542,0.3047986051511015,0.03678454
Town03_014600.png,0.4372582559339525,0.08873945569428059,0.14424594344819625,0.21200167458366206,0.0,0.33635852696322716,0.1746472865343094,0.007324362593334548,0.7519434191000749,-0.9038501879999838,0.32679290411375356,0.02015625
Town03_013300.png,0.3888656153250774,0.14867813019645498,0.18266398041056067,0.18458259652158093,0.0,0.2953388162129733,0.24320974946022034,0.011693318612274631,0.6803945380953914,-0.49915069021748437,0.31417869994898884,0.049864307
Town01_007260.png,0.3852261029411765,0.09756315068345242,0.18727520297524755,0.183471152036666,0.0,0.2910078779405222,0.26508402824401855,0.00929319467208968,0.6728824876620032,-0.756584800345204,0.3321812406505668,0.097746715
Town01_009300.png,0.45074261480908157,0.11040082788244455,0.14939928241330352,0.2254890503905381,0.0,0.3302605875447209,0.19217070937156677,0.007564952498027074,0.7510600690699714,-1.3822294901698335,0.3321995219627964,0.030148026
Town03_019960.png,0.397156524122807,0.09639710504176906,0.15819347033554104,0.1827584787101116,0.0,0.3203245593675092,0.18994396924972534,0.009007288947570772,0.7151463546553601,-0.7174988785862026,0.3282058655956318,0.0373602
Town02_001320.png,0.3781385771413829,0.10004817355598447,0.1901108572280929,0.17913092155850982,0.0,0.2883972346762967,0.2865240275859833,0.01568866630243429,0.6654447048150008,-0.6134850002632604,0.34836045093222834,0.08847862
Town02_003540.png,0.37291684404024766,0.10132514497686569,0.1988840815549695,0.17862185046490223,0.0,0.2805599796020682,0.29472196102142334,0.006335856527853658,0.6521795039532047,-0.5471130894560909,0.31676188912166003,0.08872533
Town03_017160.png,0.21088372355521157,0.11786949587823689,0.14562916982033508,0.06567979996307087,0.0,0.33470065438919194,0.41022175550460815,0.013715879267083507,0.5915178032842483,0.6493847065045034,0.33415300467601294,0.17363486
Town01_004140.png,0.3333172084623323,0.11994040900931166,0.20839840116162112,0.1545302550638419,0.00013157894,0.27244223420372987,0.321476012468338,0.015225738582326634,0.6152992502275947,-0.24221395637199628,0.33499907014417857,0.16122533
Town02_006300.png,0.3552164280185759,0.11850900552353935,0.1832989149975433,0.15977720297355283,0.0,0.29473602867515575,0.257585734128952,0.008995948167708776,0.6596217407719724,-0.41413101201054303,0.3093716713077815,0.07002878
Town01_008940.png,0.3938422020123839,0.09171366336076997,0.19100815209898975,0.19159579425423418,0.0,0.28757921948150694,0.22449800372123718,0.012224651702786377,0.6734067940924526,-0.8888640818571941,0.32417365873348264,0.107027136
Town03_013520.png,0.39070938144994843,0.1475436326051488,0.18123046259081899,0.1854983013238836,0.0,0.2967075117269518,0.23956240713596344,0.011158645713187235,0.6831302024051843,-0.5187673541180139,0.31291928971640637,0.048104443
Town01_012900.png,0.4534014609133127,0.09285196693112573,0.1320422364001558,0.22300803695188093,0.0,0.3517148520000667,0.1825827807188034,0.010467398546105747,0.7744578393508158,-1.3884554748280393,0.35337756837755935,0.011315789
Town03_013200.png,0.390344007997936,0.14874439581071333,0.1814663234029863,0.1852984711092899,0.0,0.29648158081095255,0.24188022315502167,0.011326321227665468,0.6826459518750415,-0.5044631266238598,0.31338046232077216,0.04714638
Town02_004440.png,0.3424913248194015,0.09321296543579488,0.1913008552452361,0.15389632479410756,0.0,0.287313213861098,0.2827681601047516,0.006944737727392297,0.641619224831595,-0.5124029357078896,0.31527321751949516,0.13224918
Town02_010260.png,0.3278247710268318,0.17241595617642927,0.21207279862293155,0.1524439524145571,0.0,0.26940601476978915,0.3710833191871643,0.013866759621805377,0.6071980861400861,-0.09152726819973357,0.32918184192831046,0.1528783
Town03_012620.png,0.3905302018833849,0.09481284751697508,0.16671009240841336,0.18030609349389914,0.0,0.31121524450521176,0.21302157640457153,0.014898999246241329,0.7008290783282817,-0.5751988999963276,0.35790879658544283,0.054337993
Town03_015120.png,0.2095231553147575,0.12042686705091757,0.15001624063490532,0.06640482506728182,0.0,0.329544655737282,0.41108438372612,0.012704398358930773,0.5827543731014073,0.7933040324649114,0.3330816340211475,0.15080592
Town02_005100.png,0.43955680792053664,0.10760075436145386,0.1627562690462491,0.21969979050314664,0.0,0.3153848937247109,0.20467348396778107,0.008853580859588418,0.7297812793730144,-1.2241643490740644,0.3255217284187164,0.040345397
Town03_016540.png,0.311843927373581,0.09177674563440594,0.18537704487217,0.1316112838053178,0.0,0.2927776196366613,0.29596638679504395,0.007082747399785506,0.627173721053056,0.07301097489361152,0.3324474747921889,0.08925164
Town01_002820.png,0.41607086880804955,0.1012454063884676,0.18011225099433695,0.20555539082893218,0.0,0.29778269572168276,0.2508295774459839,0.010163727007830995,0.6978910589058509,-0.8991371450310324,0.33406003334622636,0.06470806
Town03_017020.png,0.18939476909184727,0.107882911500082,0.13334200914037578,0.05365046996094619,0.0,0.35001321932238855,0.4144323468208313,0.013523912235172705,0.5868397463289922,0.8655119720313561,0.3403003135507252,0.1945436
Town01_011700.png,0.43640078366873064,0.09991034995147277,0.16176466001795328,0.21661344921740625,0.0,0.31644653074668727,0.21819761395454407,0.010745509697687129,0.7295653539436237,-1.2690135561569726,0.32939971572499116,0.04624178
Town03_018180.png,0.22483383320433437,0.11812574955934596,0.13942597634326498,0.0699898554326271,0.0,0.3422625083293933,0.3916580080986023,0.013264607868431172,0.61723480682474,0.5860078133071077,0.333801290663745,0.12792352
Town02_008220.png,0.3549138609391125,0.11369602699629527,0.1829939785393574,0.15945064486837052,0.0,0.29502527447068694,0.26528987288475037,0.009369999772354757,0.6598042171263865,-0.36078563162109445,0.3183910274911518,0.0599301
Town03_017660.png,0.40274772639318884,0.09488419330328077,0.16938413455612966,0.1908967161542119,0.0,0.30845089863582026,0.21195270121097565,0.007805553405572754,0.7039421396622065,-0.7835022381243555,0.3237399553872584,0.039650492
Town03_017080.png,0.22336140673374613,0.11316470371442089,0.14573995385136776,0.07113045216667678,0.0,0.33456854277285913,0.40779101848602295,0.013102500556466133,0.6051492369357121,0.6884968641670697,0.3318298701463081,0.12715462
Town03_018220.png,0.2249735229618163,0.11829231547060758,0.13896762154901962,0.06992508587284242,0.0,0.3428345415119828,0.39192768931388855,0.013037460415022562,0.6181590796499692,0.5857391332367444,0.33365073884793106,0.12681744
Town03_015240.png,0.22643956398348813,0.11633746975308014,0.13470708708405094,0.0694208754477023,0.0,0.3482438237662309,0.39030081033706665,0.012694877602743888,0.6270016994192,0.5592789715771802,0.33277539852968663,0.12924342
Town03_013840.png,0.36744245033539735,0.19901434551747274,0.19246757809938156,0.1720577229279225,0.0,0.2862569667378944,0.3177925944328308,0.008179023123697364,0.6562526685525574,-0.2638173745003528,0.3080549158513009,0.051735196
Town03_019760.png,0.4050761093911249,0.09504148359243568,0.17040917719543341,0.19312594207187514,0.0,0.30740279625659195,0.20996922254562378,0.006672886566907465,0.7038861267265333,-0.9080636135426148,0.32157888564828985,0.08148438
Town03_013800.png,0.38964694594943244,0.14823624357037493,0.18004951715048545,0.18424257111384287,0.0,0.2978432116909041,0.2590216398239136,0.007211045346931343,0.6839553537025757,-0.46836630970547743,0.30444362105978023,0.037425987
Town03_012900.png,0.3076615550825593,0.09992950989099335,0.20207972650514594,0.13549184834021322,0.0,0.27779089569909277,0.32600638270378113,0.007846862542746719,0.6035641337515537,-0.21363474467499496,0.3236880164497947,0.2091324
Town04_003660.png,0.3728661313209494,0.09402562392527822,0.1711719725099775,0.16832899605920804,0.0,0.3066269271766704,0.20913319289684296,0.00882186393391206,0.6853676767646949,-0.5141816285873683,0.3297340961385497,0.0701357
Town02_005400.png,0.43542208462332305,0.11191142896721501,0.16653380491595682,0.2173258999575062,0.0,0.31139902541816783,0.21312709152698517,0.009113120080333473,0.7233455011599211,-1.1745664832285843,0.3265318985877738,0.04540707
Town03_017120.png,0.21093500064499485,0.11782376014027422,0.1456087261019486,0.0656954756141363,0.0,0.33472503134713877,0.41031020879745483,0.013737479385459035,0.5916104668180163,0.6497287373175205,0.33410635996763277,0.17344984
Town03_012860.png,0.3463024542053664,0.08710027845214288,0.1853247859533597,0.15427066607731843,0.0,0.29282658677857376,0.2661924660205841,0.007425117237297395,0.6514008839660416,-0.5590847188693042,0.3356893630814259,0.13592927
Town02_003840.png,0.3679958397832817,0.09692214852328176,0.19588972460381882,0.17379372230316273,0.0,0.2831953193998171,0.29470396041870117,0.005472641848276978,0.6526073072249543,-0.43504748830290724,0.3094783172464223,0.06733141
Town03_013860.png,0.3898331720846233,0.14791904027384234,0.17991076927718777,0.1843377869594691,0.0,0.29797713521286134,0.2580769658088684,0.00721404937878144,0.684225217254624,-0.46925167544471397,0.30412659959698396,0.037043586
Town02_005580.png,0.38607425503095977,0.13687149077564062,0.1881596229989845,0.18445737412483043,0.0,0.29018942285275584,0.25570598244667053,0.010339866751654226,0.6723292891201753,-0.638344837300569,0.32151113061741626,0.07738487
Town03_015680.png,0.3768650832043344,0.09666526016322641,0.1824254987021784,0.1753063535153484,0.0,0.2955657766955245,0.22663095593452454,0.007966136506202067,0.6738269789797819,-0.5162522500902412,0.3172429577071392,0.07567434
Town03_013140.png,0.37484737809597524,0.09451906664453782,0.17221835838992375,0.1701697198319472,0.0,0.30556821577838306,0.19514814019203186,0.010439063290434853,0.6851962261006393,-0.5085125447993394,0.33105241688342785,0.043667763
Town04_004380.png,0.41941902089783284,0.09641609548560703,0.17322869477986894,0.20592049578603375,0.0,0.3045520577819415,0.23198673129081726,0.006052648272931462,0.7077037669679831,-0.9969778965753187,0.3260551386776328,0.0659005
Town03_016980.png,0.1862731875644995,0.1077011941603424,0.13438447314261243,0.052756887027256706,0.0,0.3486603627296729,0.41816118359565735,0.01363360271353123,0.5809098311605918,0.8899551471822378,0.3406674854444421,0.20370887
Town02_001800.png,0.34708601006191947,0.10327270262567206,0.21136906050088103,0.165145578117728,0.0,0.2699834301758791,0.3086622357368469,0.012597987363159917,0.6215110728384287,-0.2838327642197102,0.32553888122025687,0.13200659
Town03_014220.png,0.437031362874097,0.088441143258904,0.14431729390080023,0.21182389345444066,0.0,0.3362726406594029,0.17517071962356567,0.007463369604807869,0.7517543177429897,-0.897579943315315,0.3273989090328015,0.020686679
Town03_017040.png,0.20955179308565533,0.11212286694389298,0.13997760467407924,0.0635056837957061,0.0,0.34157656537871917,0.40655913949012756,0.013997586075193753,0.5995255174678892,0.7793098965687213,0.3346757312769595,0.15573603
Town01_005820.png,0.44989002837977293,0.09970418255060873,0.15737220841365643,0.22716704961654433,0.0,0.32122878059702,0.1999494880437851,0.010075495887209372,0.7408496710190754,-1.3271600215316972,0.33121070832927096,0.03756579
Town03_018560.png,0.23028076625386998,0.10843149063684569,0.1287863641458458,0.06961515889637591,0.0,0.3560520184291085,0.3901830315589905,0.012239505554543801,0.6413306781168463,0.583598257893605,0.3324371147204016,0.105378285
Town03_017200.png,0.21066361906604747,0.11835586503184067,0.14553917052861698,0.06556081055616261,0.0,0.33480804823409976,0.41080909967422485,0.013757887654545822,0.5914148490599307,0.6511263073912257,0.3343341639651824,0.17386924
Town01_011160.png,0.405000532120743,0.09450262307085458,0.18888631502222772,0.1997034710207612,0.0,0.28951978367331266,0.24462227523326874,0.008177914364920375,0.6819489841244138,-0.8168642858590298,0.31908884802669774,0.06243421
Town02_002820.png,0.3551293375902993,0.10592222920074529,0.19510572040343485,0.16418308855146813,0.0,0.28389198240361163,0.281082421541214,0.012635180042089071,0.6454138688651733,-0.4238058425737535,0.3263792690659674,0.109777965
Town03_017940.png,0.23724877450980392,0.0970606743571504,0.1488019743595235,0.07842900857969608,0.0,0.33095651185767916,0.4438072443008423,0.0074957760426151866,0.614553333157784,0.8889902942698195,0.3144567498570392,0.082894735
Town02_002940.png,0.4401918537151703,0.09810415925851229,0.16587981348665995,0.22128498059956694,0.0,0.3120825871457804,0.2073957771062851,0.008992459504441613,0.7263033029064165,-1.321065830500789,0.3387314733384304,0.04664885
Town01_011820.png,0.3914253902218782,0.10122850455311527,0.18970116393934952,0.18920036771029375,0.0,0.28877199295752587,0.2298492044210434,0.012839533883728929,0.6735630774271363,-0.8177113308500218,0.3237503874062628,0.102672696
Town02_010020.png,0.4204933081785346,0.1091535351402227,0.17442495560180235,0.20723868735961887,0.0,0.3033565547307214,0.22865647077560425,0.009808966566502765,0.7068085378297888,-1.041782763777064,0.3235974669505529,0.05680921
Town01_008340.png,0.4488310919762642,0.10123677768256881,0.17003221655899195,0.23036030379256967,0.0,0.3077875112110195,0.21490858495235443,0.00836388813007143,0.7252507714670137,-1.2347130842342702,0.3150899502610648,0.029765625
Town02_010860.png,0.40174450141898865,0.12620640293314583,0.20186169791759537,0.20214678950656637,0.0,0.27797842255949157,0.25262510776519775,0.01132150286327121,0.6655738490334262,-0.8340922060265455,0.3207522300736724,0.11612253
Town02_005220.png,0.4368935597265222,0.10722381947787696,0.16518913323814857,0.21816343227048302,0.0,0.3128073866898321,0.20728006958961487,0.00902355622331492,0.7256371339072888,-1.197396931271139,0.3278810037830147,0.044749178
Town04_001260.png,0.4510673858359133,0.09568017417592092,0.11939320386004292,0.21771652369281058,0.0,0.3692081485959588,0.16498351097106934,0.0045369019253728325,0.7907073581460112,-0.8548014496436541,0.32610639356122006,0.0034128288
Town01_004020.png,0.33380785603715174,0.11324052670405678,0.20799243083980412,0.15468853603877053,0.0,0.2727809678737505,0.31432515382766724,0.01479012007021591,0.616108673432281,-0.25330348277854603,0.3346832471029367,0.16005346
Town03_014980.png,0.19291545730134158,0.10951614423435624,0.13166830112516403,0.054552915186972604,0.0,0.3522075058552231,0.4093616008758545,0.013156950767923265,0.594347228626706,0.7994334191774444,0.34012278063481904,0.18860197
Town03_012660.png,0.40025079011867903,0.09007364331923381,0.1314427649857223,0.17747789545771872,0.0,0.3525053290012981,0.18186555802822113,0.012220677143406378,0.7527847314428446,-0.2791023647568106,0.36722805699731376,0.007746711
Town01_005460.png,0.45157385190918475,0.10177860768328971,0.14883379849033343,0.22607044330115936,0.0,0.3309193647437161,0.1884787380695343,0.00749748591128918,0.7521120884772333,-1.4032517277534797,0.3309106778760705,0.030098684
Town02_008460.png,0.35685606940144476,0.09297528333728944,0.19117970335694626,0.16389593324429882,0.0,0.28742327550699276,0.25373247265815735,0.008113921518039618,0.6511547003214224,-0.47875693478942244,0.3121669090206527,0.08182566
Town02_001020.png,0.3665101102941176,0.12750288287849734,0.19986702874656084,0.17427649012778484,0.0,0.279703523793146,0.30481284856796265,0.015827951546975857,0.647113177783853,-0.502266809882077,0.34263166503850906,0.10556743
Town01_012240.png,0.457609246001032,0.09687812260320254,0.14638367322183576,0.2308344018115502,0.0,0.33380293179861087,0.18532216548919678,0.006501719353892228,0.7576400838607631,-1.4708021179720456,0.3305400906360709,0.024251644
Town01_009540.png,0.4416280476006192,0.10154129268810025,0.14055685894795025,0.21479156302484884,0.0,0.3408591625097835,0.1876721829175949,0.01247749638297011,0.7585700738774273,-1.1407957129109314,0.35177334615892536,0.017208058
Town03_012700.png,0.40134389512383906,0.09548875330083051,0.15000394367339476,0.18357810527074597,0.0,0.3295589126689291,0.1826624572277069,0.011365205816588762,0.7279322903864556,-0.7015769346275555,0.34242526278891483,0.022709705
Town03_018140.png,0.2248564241486068,0.11828794230064421,0.1389497161383037,0.06986743509581335,0.0,0.3428569208365757,0.391989141702652,0.01311638426010239,0.618066599829896,0.5858068122323756,0.333969846050664,0.12698191
Town02_006780.png,0.40205130933952526,0.10936618881607196,0.1956505558574476,0.19992439534895481,0.0,0.28340756051459876,0.27080366015434265,0.011313070757198649,0.6726619619643486,-0.7990688837100259,0.32102031185832375,0.09317845
Town01_012360.png,0.4519466428018576,0.1022637864240375,0.14844997789450143,0.22629316387674783,0.0,0.3313679366873325,0.1887064427137375,0.007451723527388251,0.7527468130119656,-1.407026162213359,0.3307330201256329,0.030049343
Town03_018880.png,0.3924652025283798,0.09541399932547982,0.1730229041310544,0.18396586054958622,0.0,0.30475856336336127,0.2126917541027069,0.007728882995406625,0.6940291013715794,-0.5810378478207792,0.3189623494575667,0.040522203
Town03_019520.png,0.38716271607327146,0.09511386830600052,0.15726947199835303,0.17462865553987342,0.0,0.32134221543594926,0.1897265911102295,0.00924948564823246,0.7111312015123719,-0.6347247512075439,0.32330968062695165,0.04953125
Town01_001740.png,0.39927599329205365,0.11817845365904041,0.18773263600284296,0.19466486143993195,0.0,0.29058408351283505,0.26056843996047974,0.008817077313381489,0.6801876043031637,-0.9087891997658751,0.333247932433673,0.10495888
Town01_011100.png,0.43453849006707945,0.07574065855684856,0.1367225092169018,0.20751674387634317,0.0,0.34566397341289007,0.17503206431865692,0.006068886966551328,0.7606654236538118,-1.2839747957506296,0.31411837069541226,0.021731086
Town01_010860.png,0.4041322561919505,0.10971765386651786,0.17682402723022106,0.19458961710071018,0.0,0.3009834755072552,0.2461012303829193,0.009619721159877777,0.6956328172992569,-0.8197554412237987,0.3241748578176677,0.06992187
Town02_007140.png,0.38320376999484,0.10024328331024651,0.20558688563482228,0.18911109688328373,0.0,0.2748018237215682,0.22986769676208496,0.01452124613003096,0.650831949021869,-0.7118664152883767,0.3293701990216216,0.13848273
Town01_012840.png,0.4410039989680083,0.10369654817969927,0.1412724337170324,0.21444242763410834,0.0,0.3399770070263876,0.1901516616344452,0.01201581249114713,0.7573790972523368,-1.142106162514668,0.350066963315016,0.018314146
Town02_004860.png,0.37232112680598556,0.09700773564476409,0.19077293444644652,0.17501733398338692,0.0,0.2877932682204497,0.2815864384174347,0.008027998214249578,0.6612059199344784,-0.4699380192427675,0.3187518053609512,0.054535363
Town03_017280.png,0.21029880998452014,0.11730203966782782,0.1457055603372851,0.06545569979410751,0.0,0.3346095474453656,0.409624308347702,0.014027718716485563,0.5907197424887171,0.6528927512815546,0.33470581223516277,0.17508224
Town01_003360.png,0.41112316176470587,0.10051623720399923,0.17275245295776667,0.19886566414233375,0.0,0.3050302986767867,0.23078878223896027,0.009309610928994922,0.7041279878292362,-0.8570702079479446,0.32963567738199473,0.035616774
Town03_014340.png,0.4368824819401445,0.09146158555993628,0.14427002105032008,0.2116801420000405,0.0,0.3363295363786709,0.17638306319713593,0.007386739664906209,0.751751871776473,-0.8967832517911218,0.3273085403618706,0.019613486
Town04_001860.png,0.31688232069143446,0.1024956832896347,0.18934948434459375,0.13626763238835268,0.0,0.2890943348468632,0.3445017337799072,0.007603932824419758,0.625962884027673,0.1450502158912924,0.33885329437069583,0.106837995
Town01_002520.png,0.46981327399380807,0.10357111072713737,0.14946146053434275,0.24306324060583998,0.0,0.33018829223556606,0.19814451038837433,0.007397872275845322,0.7586508019288496,-1.4838550182771593,0.3255987733513921,0.024161184
Town02_010980.png,0.4018425245098039,0.12600328866118643,0.20184889193068828,0.20222038967805905,0.0,0.2779894372053561,0.2523212432861328,0.011328419357939254,0.665642269444643,-0.8351523400233688,0.32072789244778577,0.11588404
Town03_016700.png,0.41453889318885445,0.09627886004130048,0.1653749148769397,0.19919135643679556,0.0,0.3126121154032713,0.20220449566841125,0.010009512915073149,0.7148284579452373,-0.8569824024654731,0.33109376032722787,0.04963816
Town01_002880.png,0.458531395123839,0.09884044024776747,0.15063279578446423,0.2329412794800583,0.0,0.32883218809700765,0.19801585376262665,0.010932858440073656,0.7527221756266081,-1.5225069059966019,0.3276249823308133,0.030485196
Town01_010440.png,0.4191844685242518,0.10496437716839675,0.185181462761271,0.2100077928023634,0.0,0.29296099026959543,0.2523950934410095,0.0095734219126247,0.6935938093092398,-1.0619718097255448,0.33438443202845136,0.07615954
Town03_013360.png,0.38969303083075335,0.1483678750329295,0.1820841651895213,0.18501530149082338,0.0,0.2958911260092805,0.24202001094818115,0.011473799297840911,0.6815469968309262,-0.505735473864512,0.3134513793746504,0.048873357
Town04_001800.png,0.4471081656346749,0.08008605877837574,0.10960574702773723,0.21191913155871225,0.0,0.38406665105483534,0.15206749737262726,0.004440034956190938,0.8031201581885086,-1.2042478139425041,0.34939005178839,0.01761102
Town01_012120.png,0.42233231746646027,0.0960498574570466,0.1728245918120501,0.20823292591159273,0.0,0.3049577823749011,0.2281242161989212,0.007031647620348449,0.7096150794092472,-1.0071872780513,0.31817617517262564,0.037084706
Town03_017320.png,0.2108612777347781,0.12278042237355524,0.1462704348292697,0.06585751855308687,0.0,0.33393736913884203,0.4119873642921448,0.014371641347457456,0.5904300018548708,0.6557952869384351,0.3350533205266646,0.17509046
Town01_009600.png,0.4418618582301342,0.10171664487117067,0.14014651856036295,0.2148829484231774,0.0,0.341367055028651,0.1871057003736496,0.012186887001962807,0.759201887500352,-1.1419000829651558,0.3516686713499095,0.017134046
Town02_000840.png,0.37612874097007226,0.11018196643247209,0.19590920296149814,0.17985324558874125,0.0,0.28317805156810905,0.28541481494903564,0.015224670926162002,0.6575241117034731,-0.5955850101077801,0.34396848858513707,0.093947366
Town03_015140.png,0.20956612809597522,0.12037757419627723,0.1500361595708957,0.066428811223922,0.0,0.3295216252757479,0.4115506410598755,0.01269802062465853,0.5827719546302211,0.7929045539541549,0.33297056993055973,0.1508347
Town02_001380.png,0.33174496904024764,0.09591778518933895,0.22067079704792442,0.15875032515328116,0.0,0.2625020530161812,0.3173848092556,0.015443312415265382,0.600534940133745,-0.2511953484681098,0.3557868043494035,0.20231086
Town03_013600.png,0.39979905185758513,0.12176762270151405,0.17210118279368122,0.18945809898520824,0.0,0.305686443534967,0.20597264170646667,0.010723906164633035,0.6990713197975172,-0.7193558478530562,0.32028575108270935,0.053466283
Town01_005160.png,0.4004463686790506,0.10136459741230382,0.19686288243622674,0.19911228866933764,0.0,0.2823344525672235,0.2383786290884018,0.016482109234302596,0.670417154773777,-0.9773853014150325,0.32109360044044094,0.11705181
Town02_010920.png,0.4017573690660475,0.1260698619636555,0.20179113979530247,0.20212864769875957,0.0,0.2780391435731939,0.25277167558670044,0.011330494850158846,0.6656587882188553,-0.8343820968608472,0.3208231274438005,0.11610609
Town01_001860.png,0.37243740325077396,0.14158228076185184,0.19086644654415225,0.1751396197565713,3.7006575e-05,0.2877081627501804,0.33295682072639465,0.012457008185110988,0.6611660888886765,-0.4756532224512021,0.3297990881696583,0.08096628
Town01_012600.png,0.4400671117131063,0.09962882821492403,0.1589874188603282,0.21893606216738506,0.0,0.3194548817834548,0.19723249971866608,0.007334034480665333,0.7346027602246022,-1.2748135600276045,0.3286992268103993,0.0364227
Town04_004320.png,0.37664405959752323,0.08963884334167495,0.18486341817467775,0.1760352310093285,0.0,0.29325960868002665,0.22374692559242249,0.007605139217709788,0.6707730074505256,-0.5849621638575218,0.32692699813901854,0.09138569
Town01_001320.png,0.3946051825335397,0.10685873724436605,0.18796901469058566,0.19104560056607783,0.0,0.29036548133870643,0.25542527437210083,0.007862483053076753,0.6773475110762008,-0.8947985469196011,0.32518373543937334,0.11494243
Town02_002460.png,0.40209157314241484,0.0974647941294089,0.1819256696251282,0.19477458246069332,0.0,0.2960423941360293,0.23859070241451263,0.009873946887836662,0.6884926397206735,-0.8416753093192277,0.32654457458337965,0.061093748
Town03_017220.png,0.21003063725490195,0.11944674143464987,0.1453877277632106,0.06525045996984964,0.0,0.3349889000845858,0.41326165199279785,0.013782827328557842,0.5909391801434472,0.6576938365108592,0.3344153037041174,0.17505756
Town02_009000.png,0.3997559984520124,0.11166000841690552,0.19846946445524932,0.19919498661951884,0.0,0.2809225131377223,0.26234495639801025,0.010043652997834841,0.6682363476858192,-0.7795926075480862,0.3168764370560768,0.09235197
Town03_017760.png,0.41546808888028897,0.09209802183577231,0.14728167372056405,0.19430562429177053,0.0,0.3327405046569752,0.1711699515581131,0.006195595570529552,0.7382821219349315,-0.8673845650532889,0.327016654325864,0.027557567
Town02_010500.png,0.42761197110423116,0.12464126263017569,0.16495318661062647,0.210061551604646,0.0,0.3130557038934995,0.23965004086494446,0.00866089788340517,0.7216286099657903,-0.9619918211185859,0.3168139646771939,0.038540296
Town04_001680.png,0.45409034765221873,0.09172460139637081,0.11550222094165818,0.2195388068733686,0.0,0.37496384921427356,0.14551371335983276,0.006039476466541209,0.7972195787981295,-0.9883049019435304,0.33718871071921025,0.0113075655
Town02_007020.png,0.3693661474458204,0.0956398273143045,0.20897721263308303,0.18010282627886046,5.3453943e-05,0.2719604227716566,0.24293173849582672,0.013180501805985552,0.6386623810643943,-0.6063577398173747,0.334878008174625,0.15391037
Town03_016240.png,0.41868919311145514,0.08889044709050187,0.14835055348611925,0.1973085271479593,0.0,0.3314843184812342,0.15000033378601074,0.008088563735607764,0.7383771518571185,-0.7962207167894494,0.32583284168849863,0.032672696
Town01_007080.png,0.3680427631578947,0.10347812721114008,0.1950189441900773,0.17348786410591058,0.0,0.2839692675185633,0.2762177288532257,0.009679712003480438,0.6536455211379011,-0.5610914617280927,0.32450930565504227,0.11788651
Town03_014200.png,0.4370297987616099,0.08892713771284048,0.14427927038812088,0.21181155286934178,0.0,0.3363184216116227,0.1756076216697693,0.0075159790515793535,0.7518028221568299,-0.8963592088588714,0.3277818253588752,0.020546876
Town02_003780.png,0.38052776702786373,0.10530118754981296,0.19883918887180868,0.18433840451041095,0.0,0.28059919709215214,0.29737144708633423,0.006609356472207046,0.6567992239239857,-0.4575167419380959,0.31533849192735686,0.05703125
Town02_009420.png,0.38496542827657376,0.11699515025950513,0.1920121292314493,0.18506703874016056,0.0009416119,0.28666853423599536,0.28179165720939636,0.010422549904894877,0.667210402278178,-0.5861392175610525,0.3267089199512683,0.082212165
Town01_008400.png,0.44875349909700724,0.10077021898944498,0.17016980515130392,0.2303374655370404,0.0,0.3076469848899789,0.2142932116985321,0.008537975272668408,0.7250551013159692,-1.2368787451681968,0.31634910674013866,0.03165296
Town03_016580.png,0.3701513480392157,0.09935837883970579,0.18554407081656318,0.1714386226704303,0.0,0.2926211551487961,0.24618227779865265,0.007634648490459136,0.6661047319325847,-0.3934883681408877,0.3230635713395959,0.052088816
Town01_006300.png,0.45734413699690407,0.10089915377491371,0.14812543776534887,0.23110480495861918,0.0,0.33174811688442785,0.2002200037240982,0.008140828426313765,0.7553544488950839,-1.3493960627953858,0.33747138948133326,0.020982731
Town04_004980.png,0.42093704850361197,0.11435162216017458,0.1569125924350934,0.20180956046763385,0.0,0.3217368629656439,0.21849040687084198,0.010048437341913026,0.7284542875050354,-0.9952693278592502,0.323491060841715,0.053815793
Town02_005640.png,0.3930435049019608,0.0990916175258201,0.19571148100530772,0.19278618054290858,0.0,0.28335347798562827,0.2515142560005188,0.010240924290252734,0.6675841636739652,-0.8178827921234559,0.32866605888809075,0.112865955
Town03_016420.png,0.4158242227812177,0.0825214385915827,0.14316173302756569,0.19340506605505986,0.0,0.33766921828676083,0.14151298999786377,0.007575072720006474,0.7438902863854593,-0.7335891620444469,0.3268023605007293,0.026467927
Town03_019660.png,0.37350517608359135,0.0907343684000328,0.1654845284352794,0.16689124571268138,0.0,0.31249703695402276,0.20533423125743866,0.0075646540298265836,0.6929727468353508,-0.5000909184064948,0.3301434701019162,0.051648848
Town03_018040.png,0.2247937951496388,0.11773292447076983,0.13806057916158176,0.06959297385620916,0.0,0.3439720898415496,0.3972316384315491,0.012977678752099398,0.6195151858153933,0.5911126471215598,0.3326962848761102,0.12342517
Town03_019640.png,0.4017524509803922,0.07468134454235704,0.11550842139105218,0.17474722728100522,0.0,0.3749545238306876,0.12860701978206635,0.009652180841376796,0.776692134295895,-0.8816594532380603,0.3557416327291644,0.0152508225
Town03_016040.png,0.39456253224974197,0.0989920696497956,0.17122134061728442,0.184996339338109,0.0,0.306576831475801,0.18787477910518646,0.008999092327849612,0.6973732394014812,-0.6638071421998417,0.32128639921530844,0.069218755
Town01_007140.png,0.38894938402992774,0.10452671562684668,0.18602802506561958,0.18588804944707493,0.0,0.2921686289887308,0.24486984312534332,0.008439185965924039,0.6764602884402471,-0.8938869095553441,0.3291484863943041,0.11798932
Town01_004440.png,0.4572639157636739,0.09946984185552715,0.16111625764805929,0.23504873713804406,0.0,0.3171442469241307,0.20655301213264465,0.008376640689815659,0.7394543605948016,-1.3402070603781746,0.3236799421621823,0.04187089
Town02_010560.png,0.42743759674922605,0.12481849036250145,0.1650147252242171,0.20993275865557787,0.0,0.31299091101125076,0.24003490805625916,0.008739779867055179,0.7214717216351683,-0.9597347106662464,0.3171738922797777,0.0386801
Town03_018540.png,0.22990976522187823,0.11811891655631718,0.13517475170366317,0.07113071364252613,0.0,0.34764176713094086,0.38857704401016235,0.012213996261559319,0.6297439484240638,0.5376579026795567,0.33346468368595383,0.123972036
Town01_001200.png,0.37517995356037154,0.10359544430149317,0.19663808158959142,0.17942653268479733,0.0,0.2825329484891913,0.2879043221473694,0.012622022147352231,0.6561177340904403,-0.645237595659545,0.3350846143568975,0.12462582
Town03_012880.png,0.31899561403508775,0.1029219518247813,0.18357124560976842,0.13545660398834453,0.0,0.29447812814128194,0.31079208850860596,0.009306105571743661,0.6347326885732532,-0.33555146002512887,0.32934528665320256,0.13215049
Town01_010380.png,0.43142603521671824,0.10131842596929536,0.1723664539416327,0.21583861830722995,0.0,0.3054188858538314,0.2428654432296753,0.00833938730548979,0.7145269988205362,-1.104447245158817,0.322459676627427,0.04939967
Town01_002760.png,0.43971945949432406,0.11876254902618133,0.15742564656020303,0.21813603725287847,0.0,0.32116978482018577,0.24330852925777435,0.00821651136202675,0.736369527284202,-1.0401625548986935,0.32140586318759845,0.030028783
Town01_003480.png,0.44662837009803924,0.09399569916860796,0.16014324701199054,0.2251227605399746,0.0,0.3181965355151716,0.1970113217830658,0.008936675544830939,0.7360732728343548,-1.3580419427282882,0.33640488550240677,0.035847038
Town02_011220.png,0.3716641511867905,0.10688052500240612,0.20402978395591526,0.17976239401849498,0.0,0.2761225733915726,0.2782300114631653,0.01247430821141666,0.6455933065706925,-0.5561147889348313,0.3317049181517531,0.13366777
Town04_002520.png,0.430077867002064,0.08947834252371226,0.1495619056502008,0.2073357353067646,0.0,0.33007160776316047,0.1683000922203064,0.007629053223456568,0.7419743904132983,-0.9546756092194063,0.32725523237700793,0.045238487
Town03_017620.png,0.4027422761867905,0.09488977988807218,0.1694002857742056,0.19089779784849956,0.0,0.3084343216787318,0.21198640763759613,0.007820877724154676,0.7039194475915278,-0.7829167842773885,0.3237879673061166,0.03959704
Town03_019700.png,0.3993326077141383,0.09937590681335459,0.1648138784402814,0.18663014611030176,0.0,0.31320249123197963,0.2164989858865738,0.008086325350573662,0.70785268983679,-0.8448074295118289,0.3317595972495389,0.060785364
Town02_005160.png,0.4403067272961816,0.1071270635196033,0.16273826821369033,0.22035375804346516,0.0,0.3154041163942532,0.20500880479812622,0.00903005549485016,0.7301390950028053,-1.2206624490303981,0.3252105959164203,0.04071135
Town03_017340.png,0.21084605585655314,0.1204446812392229,0.14611874777301342,0.06580674772101824,0.0,0.3341176201467645,0.4122357964515686,0.014028571500839759,0.5906634314911096,0.6488753551026452,0.3345992049377383,0.17557566
Town04_004860.png,0.4250998452012384,0.09764607923565857,0.13303810734296792,0.1984090163955159,0.0,0.3504095527728316,0.1728641539812088,0.007633131993767578,0.7616393818653658,-0.8326702184313794,0.3385388933471599,0.024432564
Town01_005220.png,0.44097110423116614,0.09695123257444083,0.14968972852880355,0.21686252959388091,0.0,0.3299231815360875,0.20588648319244385,0.005909910156012868,0.7465724485935041,-1.2453019580266749,0.32066340793440656,0.02071135
Town03_013380.png,0.3896220330237358,0.14834034259764123,0.1822367233744903,0.1850155519638196,0.0,0.29574562560936246,0.24172453582286835,0.011543910363422977,0.6813256396579429,-0.5065921806085929,0.31345519349454265,0.049226973
Town04_002220.png,0.4429761351909185,0.09065322461101942,0.12787944260703865,0.21258100819016992,0.0,0.35727970162965705,0.14930811524391174,0.007242597609219126,0.7759863481920293,-0.9318274769213364,0.3478454093045859,0.012870066
Town03_015740.png,0.37019128934468526,0.1041722204966481,0.1857239824868222,0.17153498837744585,0.0,0.29245277615155174,0.23546668887138367,0.008827352334122504,0.665913149136821,-0.43396274435164595,0.3180450032922503,0.081838
Town03_020020.png,0.3694565434726522,0.09229154580199789,0.1688529045527189,0.1650094408906493,0.0,0.30899656558004934,0.19507437944412231,0.010497770088427527,0.6863274363862262,-0.4634028713971842,0.33506575631932367,0.041504934
Town03_014040.png,0.43682423890608874,0.09243806170317455,0.1446501776709004,0.21173908959610685,0.0,0.33587240284323266,0.17693151533603668,0.007961270209838322,0.751235525456332,-0.8882901536757356,0.32801464663650254,0.020501645
Town03_019940.png,0.40040795923632616,0.0953194497496724,0.1628158937589136,0.1868355490803133,0.0,0.3153212638767044,0.19846965372562408,0.00927667331896639,0.7109215227286033,-0.8025724238992472,0.3348172857655964,0.04660362
Town03_018100.png,0.22495399574303407,0.11828392809386515,0.1389961643707606,0.06992423391054049,0.0,0.3427988855919065,0.3918725252151489,0.013088184959226213,0.6180901133508496,0.5859742720173658,0.3338534631038491,0.12687089
Town01_003720.png,0.3911319175696595,0.10908450686263824,0.18065356406525182,0.1856198871511969,0.0,0.29726138391407625,0.2668621242046356,0.013073102956352821,0.6840536007043531,-0.7086428987857781,0.34486174507449374,0.067746714
Town03_014420.png,0.43811992066563465,0.08911105098276581,0.14310574453972244,0.21242831900433035,0.0,0.3377371716992837,0.17389635741710663,0.007095386010441328,0.7537862604213788,-0.9053757147308268,0.3274916427123226,0.019017268
Town03_015040.png,0.20987891834365327,0.1203014553415507,0.14992414524696265,0.06652640969313424,0.0,0.3296513482964219,0.4109821617603302,0.012540752165159147,0.5833160958284069,0.7879686812031468,0.3322493512166214,0.1502796
Town02_000540.png,0.34109013802889576,0.09362915892783472,0.1919359425208872,0.1531818882919525,0.0,0.28673746520647014,0.28559887409210205,0.006917989411967057,0.6399126617819302,-0.49267742050888835,0.31661003114721203,0.13455181
Town02_003060.png,0.371671423503612,0.1012124535952115,0.1998186633965345,0.17806714529077883,0.0,0.27974557365037533,0.2967599332332611,0.006377577576438213,0.6503549790235436,-0.5410613823147898,0.317970984120095,0.093713
Town01_009840.png,0.4573970910732714,0.10304285802288185,0.1509204951591031,0.23198909478135943,0.0,0.3285006939547824,0.21500051021575928,0.009457786225945487,0.7519050926616831,-1.1804796910552797,0.3380522590772696,0.0189926
Town02_010680.png,0.39661342234262126,0.1272477760528548,0.19194550045169964,0.19414528192597993,0.0,0.2867288140063807,0.2774035930633545,0.009525686223921975,0.6738720745803667,-0.7743220040337522,0.32204327776155195,0.09849095
Town03_016080.png,0.39439623645510835,0.09876076735827827,0.17136960899809728,0.18491593421811445,0.0,0.3064264640791507,0.18777668476104736,0.008981785851595538,0.6971015298950057,-0.6651720711751196,0.32141345165733093,0.06979029
Town01_006960.png,0.4160112874097007,0.10852919091138997,0.17208490020252754,0.20267860412999048,0.0,0.30570288119263755,0.2531711161136627,0.010982702756025012,0.7073864720515151,-0.9781348185855898,0.3328176202703135,0.05304687
Town03_019460.png,0.386968991873065,0.09567628418003997,0.15745122834643233,0.17453588997905664,0.0,0.32114156147536493,0.18953534960746765,0.00936031409984014,0.7107909983379642,-0.6314628545203423,0.32339578014732445,0.049736843
Town01_001560.png,0.4193509416924665,0.1023749556230319,0.14906053484666987,0.19807425534713372,0.0,0.3306549437952347,0.2288520485162735,0.01333855159452842,0.7377594559082791,-1.0269658127812196,0.3567069330920828,0.02448602
Town01_011760.png,0.39142798632610937,0.10121721496616792,0.18971627508490047,0.18920813351140253,0.0,0.2887581560696956,0.2301868349313736,0.01280881252655861,0.6735470214389011,-0.8187744784521797,0.3235166497932959,0.10241776
Town03_013780.png,0.38966165183178536,0.14819289762812643,0.18003410162929542,0.18424848065774296,0.0,0.29785808521695745,0.2585049867630005,0.007207904222060342,0.6839820192403498,-0.4683054500517653,0.30448816165072584,0.0373602
Town03_016620.png,0.42253073400412794,0.10371431666537922,0.15963908859562814,0.20401685978571002,0.0,0.31874429252473924,0.19276650249958038,0.009911844128776383,0.7257860465676477,-0.9552556459647503,0.33158044152512295,0.03946135
Town03_014740.png,0.316249080882353,0.0863042360537525,0.18903869693237965,0.13574911009682514,0.0,0.28937972169579196,0.22616636753082275,0.011701797006212182,0.6258791420317388,-0.20147210229710844,0.3233280339448,0.13255757
Town03_014680.png,0.3952894898090816,0.09241764973858627,0.15720935846086515,0.1809685631412007,0.0,0.32140863371021966,0.1923796832561493,0.009221073751998222,0.7154575815294533,-0.7237426720038801,0.32689584507185837,0.0433347
Town01_007800.png,0.4309624451754386,0.10001500111373443,0.1664070044638537,0.21341992028622592,0.0,0.3115313572706274,0.21724288165569305,0.010754244951334507,0.7214336879922028,-1.1250422252817591,0.3333530147531458,0.046064965
Town01_005940.png,0.4484229392414861,0.10203078957583599,0.15900055668296245,0.22636430946346559,0.0,0.3194405392840207,0.2037084996700287,0.01019864841963617,0.7382377241270076,-1.2898354129533933,0.3291877707130719,0.039337993
Town03_015880.png,0.39724424342105263,0.10630022446555222,0.17338434641482173,0.1878651205128594,0.0,0.3043960295744997,0.20093989372253418,0.008977082068637569,0.6961520163369468,-0.6886461134829902,0.32325686937630765,0.06442845
Town02_009780.png,0.337907007868937,0.1000255408649752,0.20009144697970588,0.1542177331213703,0.0,0.2795085862478761,0.31866949796676636,0.011957252903741477,0.6280817440997503,-0.32039596480663063,0.3378981664874863,0.14046875
Town02_000900.png,0.347656378998968,0.11825072322552582,0.20686853579079725,0.16365954895890242,0.0,0.2737222130204953,0.32190439105033875,0.01583436216333799,0.6269445604733331,-0.3308807937790154,0.3442855357111486,0.12877056
Town03_016880.png,0.21378671633126936,0.10290130444467985,0.14322646980402004,0.0662185817322285,0.0,0.3375906781242868,0.3938869535923004,0.012463353543171653,0.5988202246030548,0.8180955784651955,0.3348909469587884,0.1442023
Town03_018780.png,0.2678462332301341,0.10736323944579138,0.17025895690592044,0.10072971706226347,0.0,0.30755600900289,0.37341034412384033,0.010885938227200067,0.6113742526605959,0.5325963556914382,0.32710417818664916,0.112985194
Town03_019420.png,0.3863080979102167,0.09467018490404691,0.15722683256130973,0.17395422338827166,0.0,0.32138933773025147,0.189439594745636,0.009393999524474395,0.7107327905259291,-0.6226996096711381,0.32339556580690765,0.049132403
Town04_003600.png,0.38292422923116615,0.09848232809297947,0.16717482266558878,0.17457838666555378,0.0,0.31073163751239724,0.19501470029354095,0.008514299029725409,0.696100507505941,-0.5219346060891025,0.3273428383417243,0.05924753
Town02_004200.png,0.4108789667182663,0.09816518432410172,0.18069005577762756,0.2014704215483923,0.0010485197,0.2972262829116606,0.24751019477844238,0.007759845277120137,0.6945579485509329,-0.8663358604353912,0.31990886191577006,0.052738488
Town02_004560.png,0.3185485842363261,0.0991743519374738,0.18485825878175252,0.1356457763587891,0.0,0.29326444712123084,0.2917584180831909,0.009481349025678383,0.6327855662464069,-0.256574427059183,0.3205198358755336,0.13273437
Town03_013880.png,0.389827786377709,0.14784745684624256,0.17993492965239274,0.18434228194115626,0.0,0.29795379586915544,0.2584573030471802,0.007231495603917521,0.6841932183050786,-0.46938517871770585,0.30427335380360276,0.037125822
Town01_007440.png,0.4376574432404541,0.11437788159220874,0.16507782165913207,0.21879472482749548,0.0,0.31292451592404974,0.22876381874084473,0.00890944575972804,0.7261188596371431,-1.098506828731405,0.3259812051121517,0.040193256
Town04_003240.png,0.42927720265737873,0.147033198034533,0.15313065360816255,0.2077279137958073,0.0,0.32597513477972856,0.22803764045238495,0.008670423445435966,0.7370731661846789,-0.8856019980693257,0.3315525968473358,0.03448191
Town02_000660.png,0.3468479102167183,0.10621459355981101,0.18048928140261367,0.1528798535229365,0.00014802632,0.29741943970325374,0.2932758033275604,0.008663434610170176,0.6577345874768175,-0.3848395182230461,0.3180317942397874,0.09070724
Town03_013000.png,0.43836624419504644,0.09601854887861014,0.12354605619960052,0.20742859205214595,0.0,0.3632684229777191,0.15240852534770966,0.007339494678160221,0.7801328496574571,-0.8973825390884198,0.3294000456642379,0.011180099
Town01_004500.png,0.44470136738906085,0.09559069214834386,0.1748961610994833,0.228347973325037,0.0,0.3028878820039475,0.21713915467262268,0.007714238197859127,0.7177261801636398,-1.2389989863521305,0.32213558787510654,0.0571875
Town01_011460.png,0.462797471620227,0.1070571346617209,0.1459623304523754,0.2354865016491633,0.0,0.33430367543554107,0.20752717554569244,0.008465203919545115,0.7602300119271338,-1.4746500742186353,0.3235801679229869,0.029872531
Town01_007860.png,0.4495404250515996,0.09533656134078182,0.16105995323655656,0.22802690229213457,0.0,0.3172049544589097,0.20653687417507172,0.009140147514114008,0.7362269022548487,-1.4116481648479307,0.33006208902507345,0.049469575
Town03_014880.png,0.22450203173374614,0.10861653942154235,0.1500370838933739,0.07291228879580726,0.0,0.3295205615942249,0.3948940932750702,0.014308147549525488,0.5994087729243944,0.8509522027656882,0.33758644741926147,0.115411185
Town01_001080.png,0.3744281636996904,0.1106176360581168,0.18987652866919463,0.1762495459109856,0.0,0.28861147143275645,0.2822219133377075,0.012182847563690074,0.6635212656160352,-0.523620612592073,0.33178608800706594,0.081463814
Town03_014400.png,0.4380355230908153,0.08924954279053837,0.14321849796706324,0.21238665764938597,0.0,0.3376003399247983,0.17405760288238525,0.007119521211477365,0.7536042886448172,-0.9065822313864121,0.32743170146571415,0.019091282
Town03_013080.png,0.37188520704334366,0.09320920231186472,0.16962238594899376,0.16707036103269995,0.0,0.3082067200035107,0.19191086292266846,0.009335903827475263,0.6867589888470396,-0.4950577778147084,0.32915437176216195,0.04435033
Town03_012600.png,0.38051588299793604,0.0859507788544264,0.179833407603823,0.1771323917041015,0.0,0.2980518332681878,0.20920994877815247,0.012263123747951195,0.6790690902145515,-0.47921866567974486,0.3380328965279671,0.058462173
Town02_004680.png,0.3639514157636739,0.09736581378889889,0.1777031099480657,0.164039028321597,0.0,0.30012196752215353,0.2657971978187561,0.009211022076529268,0.6719253665592251,-0.5199032726261107,0.32551741039602533,0.08986843
Town01_003060.png,0.44118035668214656,0.10621261857161722,0.16995392568081788,0.22352444397650692,0.0,0.3078675156738058,0.21399317681789398,0.012133447282421737,0.7219041205608738,-1.2815789571650935,0.31963725382001595,0.05144737
Town02_000780.png,0.37640631449948403,0.10999873562496182,0.19580064053361584,0.18001960442845868,0.0,0.28327435003437934,0.2842444181442261,0.015286245421801329,0.6578149936187226,-0.6050673045521986,0.3444942852889687,0.094806746
Town03_017820.png,0.32493050180598554,0.0938010742920121,0.1933308540969351,0.14295665014974,0.0,0.28547951910938524,0.26673275232315063,0.01124390340759627,0.6269626281807202,-0.2030131860964207,0.3438208103961605,0.11365132
Town04_003060.png,0.42863835139318884,0.10612675835112079,0.14214695850897702,0.20393659409842374,0.0,0.3389049683523424,0.18387411534786224,0.007536336606365971,0.7509624791100687,-0.846921820816854,0.3258574859425046,0.025522204
Town01_003540.png,0.43564672020123835,0.10396686162946031,0.17121418549121037,0.21910236213551462,0.0,0.3065840942515737,0.21621616184711456,0.010644010653797121,0.7178691461035853,-1.1857764908674433,0.3395502919234717,0.04491365
Town01_006420.png,0.43391065208978324,0.10621922306230373,0.1656862442094365,0.21573038551721002,0.0,0.3122854098555861,0.22177666425704956,0.010706011225439613,0.7236706106044744,-1.1901325936120892,0.34565073172317123,0.054321542
Town03_015600.png,0.3750219781991744,0.09810271988565103,0.183355402488669,0.17426068775420386,0.0,0.2946825181354875,0.22821147739887238,0.008425326038568161,0.6716281696634292,-0.5019342940150783,0.31800249394726715,0.07814145
Town03_015400.png,0.24462832172342622,0.11474291111705333,0.1557779722028023,0.08410979241283713,0.0,0.32299757815575425,0.3906360864639282,0.010851101676480705,0.6109502408184875,0.5981477559770307,0.32181405534431,0.12647203
Town02_006480.png,0.3023526509287926,0.0880530621751493,0.2018821080482563,0.13217351107367614,0.0,0.27796085919336877,0.34004855155944824,0.006823111935692752,0.5996267522664774,-0.16057214879190634,0.30808232549988007,0.19711348
Town03_018820.png,0.3495699658152735,0.1005720456940421,0.18119974981349432,0.15503251033256446,0.0,0.29673695365065234,0.2991653084754944,0.006756937994496044,0.6586094788308208,-0.13089437451438754,0.3154485922313825,0.04538651
Town03_018800.png,0.2889177147832817,0.10729747082580632,0.17976012928303475,0.11578714999544713,0.0,0.2981226501938764,0.3655436635017395,0.009651364480260629,0.6164526836865498,0.41466081771886354,0.3280176218532616,0.09349507
Town01_010620.png,0.35605113196594423,0.1009464335246062,0.1999618888745269,0.1667571655764989,0.0,0.2796211197601185,0.311725914478302,0.010207525319209211,0.6403647371470255,-0.3895991976346212,0.33205030745409114,0.11293174
Town03_015940.png,0.39637372613519095,0.1052807691113156,0.1738606914076616,0.18733967078704541,0.0,0.30391942821215,0.20189589262008667,0.009027763107306906,0.6951066331911555,-0.6819099118583583,0.32224367391266245,0.064930096
Town03_013460.png,0.3909514963880289,0.1461881308351512,0.18108988928851383,0.1856366205305652,0.0,0.2968423089626693,0.2384384274482727,0.011096444434326877,0.6834321889120952,-0.5218058849484078,0.3128032571405913,0.04794819
Town03_013660.png,0.4025095136738906,0.10584075920653117,0.16506915791091398,0.1892617354914102,0.0,0.3129336178211576,0.20200619101524353,0.006831260244035695,0.7091695544552173,-0.6606057479933327,0.31289994025576123,0.03599918
Town02_004500.png,0.3192022381320949,0.09909512091048538,0.18483790921623855,0.13605512151196908,0.0,0.2932835762792816,0.2912275791168213,0.009315564610777233,0.633287327976803,-0.2598197443356461,0.3198128005834031,0.13225329
Town03_017880.png,0.28441205495356037,0.09100093739062108,0.18114956363193843,0.11370538140694875,0.0,0.2967850793751402,0.2826855480670929,0.01257375085999312,0.6109009926413685,0.14837053214820542,0.32768424474910357,0.128676
Town04_002100.png,0.43698203689370485,0.09774262630291007,0.13984333997712622,0.21050946030372933,0.0,0.3417432708504653,0.18074652552604675,0.008346153680770555,0.7575638215408302,-1.173055854918744,0.3449780502806436,0.033063322
Town03_018280.png,0.22498938983488131,0.11844480597805325,0.13902125982970384,0.06994713622291023,0.0,0.3427674967114153,0.3920765221118927,0.013116690063538317,0.6180846357598533,0.5854058397460008,0.33400912213233885,0.12659541
Town03_015480.png,0.2767295052889577,0.10786165546463218,0.17768780804480086,0.10815217622523726,0.0,0.30013695974648874,0.3726955056190491,0.010471800699123814,0.6089765885786687,0.49414848395865785,0.32902738360828837,0.10549754
Town03_015440.png,0.24528781282249743,0.10668169876359443,0.16369844152664367,0.0869632908774965,0.0,0.31438217204154023,0.383917897939682,0.010789347341103619,0.5997458598928413,0.5755063495047859,0.32751633531373964,0.14705181
Town03_014720.png,0.3370704011867905,0.08673568129572819,0.1887215162623317,0.14923226605657747,0.0,0.28967142754998715,0.2255321741104126,0.01079489783787612,0.6410718574696743,-0.3042212817372943,0.33342233099201946,0.11265214
Town02_001080.png,0.35834105714654285,0.13244923434040856,0.20024230185362674,0.1685052926885409,0.0,0.279377651967545,0.31865373253822327,0.01664494817276756,0.6415176022479332,-0.41393963381349325,0.34228743427721225,0.1072245
Town03_017960.png,0.19233728392672858,0.10429502362566977,0.12235715946902845,0.05196490526164023,0.0,0.36494824312599333,0.42033976316452026,0.01186863111859811,0.6111874166804996,0.7160803314988984,0.34823913159854825,0.16109785
Town01_005400.png,0.45154708462332305,0.10183529122772081,0.14857737023644021,0.2259700045781987,0.0,0.33121892957678484,0.18948717415332794,0.007683411870940325,0.7524224032818886,-1.3919031125508148,0.329863802484182,0.029893093
Town03_016600.png,0.419359568498452,0.10534317666133346,0.1606255528906574,0.20166301593263733,0.0,0.3176741370061664,0.1900278925895691,0.007949287090997388,0.7230522870409128,-0.9341584094571834,0.32177455884215667,0.03390214
Town03_019620.png,0.4099292118163055,0.08563210302264795,0.13620894254497398,0.18659483472955748,0.0,0.34631774688943046,0.15003305673599243,0.008882156913332927,0.7505961788483567,-0.6661512959416056,0.3345905324616271,0.015674341
Town01_001800.png,0.3866039086687307,0.11297475181016592,0.19811427600572182,0.1887118485552116,0.0,0.2812336807088901,0.2591010630130768,0.009658811261862847,0.6611798961888752,-0.7983982164878908,0.33795913581588766,0.1243092
Town01_004860.png,0.4381186145510836,0.10658110305195455,0.17196398622091497,0.22151953297314791,0.0,0.3058249963270096,0.21277247369289398,0.012018779973289628,0.718129994149196,-1.2509951127181098,0.31856257038072616,0.053371713
Town02_003420.png,0.36856949819401447,0.1030021466317517,0.20091700762562945,0.1762111189522248,0.0,0.2787933267784805,0.2998915910720825,0.006948282796090573,0.6471961923630899,-0.514087390080182,0.31955594559249845,0.09690789
Town03_016460.png,0.38325016124871003,0.07589518469211094,0.1423452604676764,0.16714285927477282,0.0,0.33866279856138837,0.1542561799287796,0.007196030119994333,0.7291733249284627,-0.7619284107979799,0.327376438726539,0.035238486
Town02_010320.png,0.3334940499226006,0.13399891165262667,0.2088632719266908,0.15484214769370083,0.0,0.272055165138591,0.34490177035331726,0.013256859583358626,0.6148972945757655,-0.15446831592270885,0.3321032506098034,0.14248766
Town02_003660.png,0.34696270317337463,0.10168714261650114,0.21569947185732627,0.16690937955290472,0.0,0.266460356172477,0.2906337380409241,0.012665653265950344,0.6166447977958727,-0.33653945570266997,0.3328576004205849,0.15607731
Town03_019400.png,0.4143650187048504,0.08968196489357838,0.13417827373710972,0.18970217786934182,0.0,0.3489271148407812,0.15334852039813995,0.008577500682935713,0.7553916425275952,-0.7135701810242936,0.32728714138469234,0.016122533
Town01_009780.png,0.44909105714654285,0.09577427186705703,0.13511434781730478,0.219938664595095,0.0,0.34771941845197674,0.1917983889579773,0.01044856988202918,0.7687211609146067,-1.211512945606569,0.35687244549350106,0.0083388155
Town03_018200.png,0.2233985745614035,0.11753650586436343,0.1387400000636404,0.0691557107337259,0.0,0.343119325226506,0.3930705189704895,0.0132747258139582,0.616886987994906,0.5879249293073843,0.33451275698606775,0.1297903
Town03_018700.png,0.25862100103199176,0.11222067035570313,0.15919249164729238,0.09222707157166271,0.0,0.31923097137283674,0.3827962875366211,0.01052002241040895,0.618986714261611,0.5054375768087901,0.3198142849991886,0.11382813
Town03_013640.png,0.408483955753354,0.10446721737000941,0.1665552127974993,0.19459978101792835,0.0,0.3113766971177402,0.19683128595352173,0.007188087324713165,0.7103584904571117,-0.7312200462322457,0.31708368876542686,0.03974507
Town03_017100.png,0.21183654218266254,0.11845132884643177,0.1442878842521717,0.06569371414587505,0.0,0.3363080542928635,0.4124888777732849,0.013794983078370668,0.5948385632517085,0.645349980518034,0.3343249405022326,0.1680222
Town01_002700.png,0.46025382159442724,0.11129988411833189,0.1469176983602875,0.2334183903837593,0.0,0.3331703287132211,0.21730127930641174,0.007264244268398795,0.758029331808956,-1.2481641931267378,0.3191912301976223,0.015448192
Town03_014860.png,0.22026056179050565,0.1065693128075699,0.14654062456697423,0.06998886972874804,0.0,0.3336167620458766,0.39175912737846375,0.012643795149638802,0.6004903199857533,0.8757351622899108,0.3315993657539792,0.1159046
Town01_008220.png,0.4244140221878225,0.09821757956661509,0.17857759231416054,0.2120172187063679,0.0,0.29926920463714207,0.25000306963920593,0.008515683618648698,0.7038473039309984,-0.900078632985783,0.3281497653396299,0.034288652
Town03_016260.png,0.4158035184468524,0.08153277477302197,0.14253608399484313,0.1932091011933668,0.0,0.3384300533415563,0.14026647806167603,0.007377703160727654,0.744714357712192,-0.7294928503826527,0.3271574910298366,0.026632402
Town02_008700.png,0.38182273929308563,0.10707175648002504,0.20143443647411582,0.18636443643892026,0.0,0.2783465050066401,0.2658027708530426,0.011185932409599541,0.6546387342173265,-0.6073611935022976,0.3337269806481609,0.10629934
Town03_012680.png,0.3957638835139319,0.0937589927604859,0.13244624247163367,0.17417105863888385,0.0,0.35118412829311313,0.18303033709526062,0.012567979420870514,0.7492546318496067,-0.19622307701739297,0.36663957040482253,0.008100329
Town03_015080.png,0.20989789731682146,0.12032753984112751,0.15012757764979445,0.066595416869018,0.0,0.3294158096746335,0.4105820059776306,0.012617675767417388,0.5830084588137037,0.7892311837271249,0.33264054565522616,0.15036184
Town03_015660.png,0.3768092105263158,0.09638289238383378,0.1823340582657294,0.17523088994111577,0.0,0.29565286123881257,0.22593748569488525,0.00800688639490884,0.6739045814035004,-0.5169357999703328,0.31744876945206424,0.07598685
Town02_004980.png,0.33748830946852426,0.10063600851502526,0.21601012274247786,0.16055873215514277,0.0006907895,0.26621034144806965,0.2660529613494873,0.021602679890325584,0.6097367034925173,-0.4134948350641761,0.33435031905994905,0.2073232
Town03_016280.png,0.41672399058307535,0.08199756394153393,0.14167353726506368,0.1937302754886785,0.0,0.33948448955326344,0.13983489573001862,0.007381989973491976,0.7462855220002709,-0.7336817863524646,0.3286458315707702,0.02523026
Town01_002340.png,0.34533854166666667,0.10601574891886834,0.20254504786972397,0.1602832047770088,0.0,0.2773913514344121,0.2560274600982666,0.011830444009389105,0.6303137167042506,-0.4838922180909944,0.32354528478754396,0.17188323
Town01_009720.png,0.44074766189370485,0.09305465699846216,0.13989955754906883,0.21383038766719276,0.0,0.3416734420747186,0.18929117918014526,0.012770443680568205,0.7590627270839383,-1.167869284454011,0.3526198512637109,0.017833058
Town01_004320.png,0.38453247549019604,0.09598662189947942,0.18508301331290786,0.18212094652360428,0.0,0.29305337826427336,0.23029430210590363,0.010798392571682957,0.6750737699772099,-0.8230266739884489,0.3250313059395626,0.11411595
Town01_010680.png,0.3556277251031992,0.09296243627240308,0.20759790278267945,0.16956796810184344,0.0,0.2731108011199072,0.3009858727455139,0.009409264528824944,0.6314125413882898,-0.4484897532191778,0.3421899641550965,0.14117599
Town03_019840.png,0.4082891511867905,0.10838138401822424,0.17313093451830594,0.19667435146401172,0.0,0.30465012409642006,0.2171606421470642,0.008268426743762521,0.7022274620322311,-0.8088259108658968,0.31487584646597777,0.058926813
Town02_009660.png,0.2897947626418989,0.0880130703661123,0.19805240077364225,0.12320575790687782,0.0,0.2812879437807997,0.3541308343410492,0.016357638635949735,0.5940277700697846,0.029241689683867284,0.3734618462649426,0.17160362
Town01_012420.png,0.4519153605521156,0.10374465126537764,0.14828186056498416,0.22621500327556202,0.0,0.331564779306675,0.1900511384010315,0.007642250450231693,0.7529447731888427,-1.4030903904497873,0.33027128723901794,0.029745065
Town02_007560.png,0.43571875000000004,0.10615934498960986,0.16376905564012498,0.21667113268682084,0.0,0.31430727325043156,0.21010716259479523,0.008438103133410228,0.7268183704024517,-1.11450157119078,0.32441722979760523,0.035345394
Town03_018720.png,0.23890102554179565,0.11382385472302892,0.15393402642997256,0.08076938449786523,0.0,0.32506615336059824,0.40517085790634155,0.01027524585685667,0.6081458981799716,0.6660037546498261,0.3213830295315035,0.124930106
Town04_002940.png,0.4297364551083591,0.10704694155157729,0.1477605554540198,0.20650660259717912,1.6447368e-05,0.33217659545420075,0.196974977850914,0.007176000500819524,0.7441362417801796,-0.8222771694646954,0.3209181023861515,0.025752468
Town01_002940.png,0.44117202012383905,0.10621643450412876,0.16997052551165984,0.2235227308828589,0.0,0.30785053445905325,0.21400690078735352,0.012132132378235091,0.7218807187393174,-1.281680256668901,0.31965669272648833,0.051504932
Town01_012480.png,0.4520165279927761,0.10134737798386659,0.14838820771678787,0.22633800176804472,0.0,0.331440236381112,0.188214510679245,0.00743957055990611,0.7528530357593782,-1.4105738240105454,0.3311827030077383,0.030004112
Town03_018240.png,0.2249518511351909,0.11830459764116394,0.13900161888258575,0.06992478538112876,0.0,0.3427920609572424,0.39196327328681946,0.013097375756288067,0.6180785997176099,0.5854186132508407,0.33402526692498086,0.12666118
Town04_003300.png,0.4280845910732714,0.15069396617372122,0.15862452321097004,0.2084181564782776,0.0,0.3198518678556219,0.2277427762746811,0.00914600937898379,0.729636851758988,-0.9453001976717906,0.3251617716854726,0.047631577
Town01_007020.png,0.3715794956140351,0.09704211981760243,0.1976451969571838,0.17713494544102468,0.0,0.28164548319514426,0.28685909509658813,0.012873934999696472,0.6527817581313822,-0.6036628808968854,0.33567003992523553,0.12738487
Town02_007620.png,0.40761967879256966,0.10163970853753557,0.17876988925809972,0.19811247584431088,0.0,0.2990822418537036,0.22557339072227478,0.009398639566765817,0.695134601593198,-1.0241303070080259,0.34235805851067586,0.07389392
Town01_007560.png,0.4371925470846233,0.11491391824280298,0.16560064067179162,0.2185608954172484,0.0,0.31237519029759864,0.22927714884281158,0.009003483604484106,0.7252778497437962,-1.0931307579185168,0.3261866220004202,0.04062089
Town03_013900.png,0.38982119130546955,0.14789618647620303,0.1799192348295708,0.18433149225247358,0.0,0.2979689482364592,0.25807157158851624,0.007220858627248629,0.6842084103511413,-0.46915549308512267,0.3042183644867873,0.037039474
Town01_003660.png,0.4107371484778122,0.10444628966742889,0.18199421416822806,0.20182689913039514,0.0,0.29597696466692197,0.22481966018676758,0.011916810336105544,0.6929566652539629,-0.9940100790506305,0.34377934546140143,0.07097861
Town02_006720.png,0.4028068885448916,0.10706440976945812,0.19545708356390468,0.20045686097452392,0.0,0.28357944525400397,0.26876723766326904,0.011042109057245194,0.6732929063046373,-0.809301324996658,0.3210557652002084,0.09304276
Town03_012800.png,0.37329308565531477,0.09958715271069919,0.15763730634091422,0.16419724814848544,0.0,0.32093638265616947,0.25478821992874146,0.009344818288512515,0.703092328589835,-0.35697344442071516,0.34927328302410293,0.040596217
Town03_016940.png,0.19381233875129,0.10730023220629839,0.13099827021291569,0.05472376945102085,0.0,0.3530937794742715,0.4204229712486267,0.013129095717234262,0.5966933757057439,0.8150849077382447,0.34036723110196626,0.17965049
Town03_013560.png,0.4120651606037152,0.13802750494386337,0.17226068651932397,0.1994714407034743,0.00011101973,0.30552551998768496,0.22366181015968323,0.00895925934357231,0.7051975581858755,-0.5809766798576298,0.31028045437210233,0.029876646
Town03_014060.png,0.43710587590299277,0.08851219685366729,0.144318714208752,0.2118894380197899,0.0,0.33627093172243533,0.1750568300485611,0.0076076730356745385,0.751784295517159,-0.8988361210484717,0.3277126800539629,0.020842927
Town01_006180.png,0.44439383384932923,0.10699201547621626,0.15410623443637603,0.22123461105546452,0.0,0.32487191745971117,0.20799611508846283,0.007364746984965295,0.7425125866620141,-1.1187963517859911,0.32385405093036634,0.019897204
Town02_001140.png,0.35082320691434465,0.1173805514864893,0.2099535828358381,0.16715742945527026,0.000546875,0.27115067644137464,0.3405968248844147,0.013186776720492116,0.625602224097216,-0.3780921501964796,0.33755137510033095,0.14234376
Town03_016440.png,0.418656701496388,0.08238226694750367,0.1398440826660038,0.19482980116453177,0.0,0.34174235255705043,0.13900969922542572,0.006838220117768469,0.7496080817413165,-0.7417474759565927,0.3280635594853447,0.023079772
Town03_019920.png,0.4335188177244582,0.09786289518846047,0.1278629519801714,0.20428749981029573,0.0,0.3573020931443296,0.15608838200569153,0.007211506707946334,0.7722352970640103,-0.928614009679725,0.3290978379597571,0.01509046
Town01_004620.png,0.45556819207946336,0.10224459533255993,0.1578209045392019,0.2324498155441227,0.0,0.3207341816221354,0.21393975615501404,0.00808006485359882,0.7427067004641549,-1.2371263933079337,0.32066577326244905,0.026574837
Town02_003480.png,0.3669640092879257,0.10238225854547905,0.20067126164381924,0.17493153936239098,0.0,0.27900592244184463,0.3021222651004791,0.006913154100649548,0.6464785189620449,-0.49739504846424126,0.31834669619827693,0.09590872
Town02_006180.png,0.361406378998968,0.08819520998912839,0.1795494004236944,0.16285255797365383,0.0,0.2983264142345282,0.2432263046503067,0.008123245234626358,0.6680885808420073,-0.4707645208705414,0.3097454897020376,0.05995066
Town02_004320.png,0.36069309533023736,0.09461195151866073,0.18756958977162166,0.16528186002600215,0.0,0.29073501418153713,0.23872865736484528,0.010092430922317331,0.6578837208981796,-0.5679018761167778,0.3211952699557881,0.09258223
Town03_016740.png,0.4176032314241486,0.09116107945760815,0.1631845984879502,0.20102167207956453,0.0,0.31492831468124083,0.18308314681053162,0.007994368942107285,0.719028894698353,-0.9212751683370034,0.32706267015569684,0.03986842
Town03_015580.png,0.37666344169246646,0.09639710674857811,0.18247970168837682,0.175174189835893,0.0,0.29551416254415264,0.22599530220031738,0.008157152107489022,0.673644032167799,-0.5157979991112004,0.31802267613816326,0.076418586
Town04_004620.png,0.4401034571723426,0.09713227163865645,0.13161133588782536,0.21101259674922604,0.0,0.3522826715522847,0.17014043033123016,0.006979398358930776,0.7697954687973896,-0.9918782784266659,0.3403426569292275,0.02345806
Town02_003120.png,0.3717244259545924,0.10216894146603019,0.19967306869396056,0.17804838321293437,0.0,0.2798722107162012,0.2969381809234619,0.0066953726046662205,0.6505531252945298,-0.5420606042572987,0.31858497633780003,0.09351562
Town02_009840.png,0.3443885932662539,0.10218539863730426,0.2060687935924234,0.16106785086454603,0.0,0.2743951126596713,0.3065011203289032,0.012464356446913129,0.6256407879401139,-0.37235468149302986,0.34066014822386415,0.16486019
Town02_009240.png,0.33431780508255937,0.10225188787004251,0.2114495613504212,0.15647931179050556,0.0,0.26991725123227917,0.2911706566810608,0.014926321733543777,0.6125646669634487,-0.23536867684459992,0.3387500690051708,0.14909539
Town03_012580.png,0.3852896026831785,0.08540279185402111,0.18127525834481187,0.1813087972237398,0.0,0.2966645688521659,0.20473182201385498,0.012234958720330235,0.680045003068899,-0.4933273556994076,0.33466913283342153,0.057738487
Town03_015380.png,0.2580499387254902,0.110026975365472,0.16659894612721188,0.09434497972692685,0.0,0.3113311075837836,0.3748095631599426,0.011241593440781886,0.6076783618333755,0.47203841544404745,0.32201600440881895,0.1336472
Town03_019980.png,0.37800469233746126,0.08898661618462964,0.16682810561161146,0.1707191642510978,0.0,0.31109230400641324,0.18204323947429657,0.009191747607195613,0.6937994440371168,-0.5505355382998255,0.3249907359736289,0.04544408
Town03_012780.png,0.3536513319143447,0.1037871038006229,0.16127584363033506,0.1510791623034662,0.0,0.3169722742917471,0.27593299746513367,0.012158930649143045,0.6867987332642252,-0.22786451056367218,0.36111785872323765,0.04635691
Town03_013100.png,0.36927233294633643,0.09331619059939214,0.1689268378789155,0.1648983324353994,0.0,0.308920503907613,0.19628611207008362,0.010677119124223474,0.6861257930836328,-0.4532651044486304,0.33544950601630713,0.038408715
Town01_004740.png,0.42466802115583074,0.10421940001355193,0.17511937982859727,0.21100972538396165,0.0,0.302666312492583,0.25265592336654663,0.009932792802363465,0.7080309130052738,-0.9700795277798372,0.33509736631827886,0.06300987
Town04_004740.png,0.4267050761093911,0.09504519100530812,0.13963892568122815,0.2015762515429289,0.0,0.34199740696490144,0.17918111383914948,0.007155696822072483,0.7534379718523088,-0.9145765603746451,0.33825020829867775,0.030703124
Town02_007860.png,0.41323389125386994,0.10763126030046066,0.17287660573805114,0.2006485696923248,0.0,0.3049055054611727,0.22689341008663177,0.011158915725733016,0.7050443446194022,-0.9383806538165527,0.3326995000457956,0.060028784
Town04_003720.png,0.35860832688338495,0.1117115247123182,0.1746115145382667,0.15908911311944793,0.0,0.30317085047169035,0.2125558853149414,0.010079877805095207,0.672533726241136,-0.35648831408002557,0.3268386191134923,0.07596217
Town01_007980.png,0.45350809468524256,0.09245509557922679,0.16824895411285765,0.2339773025051093,0.0,0.3096190529218512,0.21522682905197144,0.009106760304741092,0.7293975927306358,-1.336270468996588,0.32641648657164124,0.042837173
Town03_017860.png,0.29209924858101133,0.0902340317588715,0.18692810749872346,0.12026408839464578,0.0,0.2913301490487718,0.26522430777549744,0.012699423551670409,0.6097757149979515,0.02461963783853545,0.3349315723359799,0.13395149
Town01_002040.png,0.3445509707172343,0.1104763020045594,0.20258941986934317,0.15975784446518543,0.0,0.2773532875311344,0.2579948902130127,0.012097565840061513,0.6297304615423351,-0.4750950852419006,0.32412083423885996,0.17019325
Town03_013400.png,0.3910422794117647,0.14689512948097744,0.18144726556154403,0.18583717446731013,0.0,0.2964998200158223,0.23922154307365417,0.011470996732026142,0.6830557567705622,-0.5126658726964773,0.31365501966625425,0.047750823
Town03_012740.png,0.39457448077915375,0.09864420002578903,0.15404052577889127,0.17941750446437604,0.0,0.3249459800386126,0.20206165313720703,0.010318485552115583,0.7192192631158039,-0.599156890568671,0.3475925795911323,0.017360196
Town03_018580.png,0.22727073658410735,0.10971717928818273,0.1354051141084664,0.06998653263420951,0.0,0.34734596290288466,0.3966098725795746,0.012089909371901492,0.6266497648672545,0.7189453278054724,0.32929256524139894,0.10970395
Town01_005340.png,0.45141603779669764,0.10179893569051644,0.1489591917638043,0.2259652799909953,0.0,0.33077304942631996,0.18872179090976715,0.007585195344907828,0.7518898441190951,-1.3990086647749205,0.3309660438317899,0.030176809
Town03_019860.png,0.40613514254385963,0.09804260547131735,0.16160472697284575,0.19106184178908925,0.0,0.316618356642231,0.20954962074756622,0.007338882565410066,0.7153542745932805,-0.8317102254713948,0.32287764436071736,0.0457977
Town03_017840.png,0.30851964009287924,0.0896367000522463,0.19179778878915366,0.13197076010744851,0.0,0.2868625427406421,0.2597411870956421,0.012205734510006273,0.6166477964960944,-0.11926955699688596,0.3415210046711006,0.13227797
Town03_014240.png,0.43701181953044377,0.08842254523700684,0.14436022238198018,0.2118192042154839,0.0,0.3362209757121086,0.17516225576400757,0.007482657479916632,0.7516904632417736,-0.899037594808028,0.32751934318407094,0.020723684
Town03_014580.png,0.43811537345201235,0.08864695668494166,0.14307320077235153,0.21241502123424197,0.0,0.3377766572637468,0.17369435727596283,0.007059307907889679,0.7538265424559415,-0.904222878898933,0.3268535518246835,0.01895148
Town01_009240.png,0.4507598845459236,0.11045042518982871,0.14935621204065422,0.22549175159098722,0.0,0.3303106817847859,0.1924108862876892,0.007561033079382424,0.7511211365273509,-1.3824676517618404,0.3321025604075818,0.03011102
Town03_015160.png,0.21920843008255933,0.11918818422811281,0.1473487568401356,0.06976399196159372,0.0,0.3326614068249266,0.407275527715683,0.01297273442400696,0.598019730289281,0.7202908697978728,0.3317105648673293,0.13388568
Town01_009900.png,0.4533797245872033,0.09843452658882522,0.1586646794304109,0.23072765516552332,0.0,0.31980788566244434,0.21681442856788635,0.008938492027357896,0.7407627969180907,-1.2102907185152032,0.33034518962039955,0.020781249
Town03_016860.png,0.2831638609391125,0.08953524403759615,0.18243486915938636,0.11346425362714743,0.0,0.29555685137791415,0.2818051278591156,0.01291284677957871,0.608171463129546,0.14478045037867904,0.32872936509857575,0.13337582
Town01_005880.png,0.44842077850877193,0.10212969265558117,0.15900954829461086,0.22636523104726933,0.0,0.31943071018360664,0.20403887331485748,0.010248885803031222,0.738225865079288,-1.290304025630059,0.3293599395502603,0.039518915
Town03_014460.png,0.4381321916924664,0.08918367036179084,0.14310127179260163,0.21243779138590427,0.0,0.33774256760664045,0.17403097450733185,0.007115627972035048,0.7537972590839334,-0.9059126120409564,0.3276511977794689,0.019087171
Town03_015920.png,0.39724563015995873,0.10604485801445904,0.1733771725979452,0.18786373465924036,0.0,0.30440323605430036,0.20116974413394928,0.008897432541127905,0.6961615067128614,-0.6886364924616142,0.3232130254337144,0.06437911
Town03_015280.png,0.2251796955624355,0.10648925039018892,0.1430907041856857,0.07118084491794652,0.0,0.3377554464562511,0.3988124430179596,0.01207335172200975,0.611452062648719,0.7597253528637188,0.3303559785219338,0.12770972
Town01_012960.png,0.45632546439628485,0.09690706606443578,0.15306679240028623,0.23166237239219736,0.0,0.32604760326785615,0.20986545085906982,0.009671041628725795,0.7488205819445637,-1.220788212741946,0.34314742427557643,0.022368422
Town03_017060.png,0.2276453173374613,0.11604286051270706,0.14557822010217045,0.07301540867378944,0.0,0.33476145311950184,0.40377435088157654,0.012864176986584111,0.609943624872167,0.6650793906701602,0.331569641396319,0.12409951
Town04_004680.png,0.42334302438080496,0.09648450765512812,0.14703036395042607,0.20083724421528154,0.0,0.3330371697312487,0.18753238022327423,0.008388559056233431,0.7422208556929583,-0.9647352778336878,0.34380011530223215,0.04526727
Town01_008760.png,0.3976309662022704,0.09963701519461303,0.18616621565283967,0.19276824513345076,0.0,0.2920396462816562,0.22319507598876953,0.013764123616422834,0.6811114862048895,-0.9110582530997905,0.32701109403590256,0.10001233
Town02_011100.png,0.3989466428018576,0.10486879508258157,0.19877338751091875,0.1986692833854388,0.0,0.2806566847943753,0.23088693618774414,0.012998370060098342,0.6674473374548305,-0.8973241998572322,0.32686530309917405,0.12918174
Town03_014620.png,0.4372327947626419,0.08879501073143331,0.14419069642856144,0.21196347375250416,0.0,0.33642510431657735,0.1746796816587448,0.007400446184665817,0.7520040063007463,-0.9015733474762264,0.32726814456544623,0.02026727
Town03_017480.png,0.2219092492260062,0.11918317154531721,0.14038275124371646,0.06895103173880492,0.0,0.3410745015709875,0.3929159939289093,0.01331568893037091,0.612514902107344,0.6018420166735059,0.334140217991763,0.13643914
Town03_016120.png,0.39447542569659444,0.09796489370036884,0.17131860075166044,0.18496092444201606,0.0,0.3064781929366682,0.18765076994895935,0.008943824111171816,0.6972067700070178,-0.6665533120194754,0.32121176401704354,0.0697574
Town04_004500.png,0.45311024574303405,0.1003298800343073,0.12505876771775534,0.2209485901803962,0.0,0.3611543163874697,0.17003676295280457,0.007547817008640401,0.7836985987887607,-1.1345831685127237,0.346326370342217,0.021772202
Town01_012000.png,0.3912635932662539,0.10071320766683337,0.19000746429835913,0.18919003590471278,0.0,0.2884917115945687,0.23021134734153748,0.012968063270199719,0.6731172800503059,-0.8160626249609365,0.3245532669803229,0.10255756
Town03_017920.png,0.22220881707946336,0.10792840557035671,0.14222029311395612,0.069603370161274,0.0,0.33881536832443315,0.4225787818431854,0.011567223638681477,0.6097449705310732,1.0819263134031496,0.33172916796648116,0.09462993
Town03_015960.png,0.3966986584107327,0.103131485364343,0.17395402451264538,0.18762982822902122,0.0,0.30382619813813605,0.20152147114276886,0.008966337845767822,0.6951665527116014,-0.6863510465271206,0.32212192381806715,0.065625
Town01_006840.png,0.3192764286635707,0.11050999724486556,0.18231448937041572,0.13517601093455953,0.0,0.2956715113258822,0.34977802634239197,0.014471399158218495,0.6365275310207581,-0.08541509532742864,0.3443240619726561,0.11151317
Town01_004380.png,0.3936636835655315,0.09623746237441687,0.18607524290079203,0.18959509177897158,0.0,0.2921245543177403,0.2212197333574295,0.012259546935389222,0.6790361412134194,-0.9466891166135676,0.32991937517574094,0.1171505
Town04_004200.png,0.4062796858875129,0.08170331112879226,0.13841250365115065,0.1842212043318359,0.0,0.3435298558583728,0.13899582624435425,0.006911252251158458,0.7458885837932943,-0.7878716479284514,0.33082524071447245,0.026965462
Town02_010140.png,0.3487982939886481,0.12332537362036841,0.1953879425752505,0.15983669799318073,0.0,0.2836408897593432,0.325153112411499,0.01363090954390012,0.6409539060853418,-0.36964222075880493,0.3320761102508442,0.10895559
Town02_006060.png,0.3697872968266254,0.1059151286981885,0.1823791190189227,0.17000478794846108,0.0,0.2956099500998611,0.27674952149391174,0.012966608490661488,0.6697026225944887,-0.5326961149265345,0.3511155133459033,0.049777962
Town04_002580.png,0.44578842556759546,0.0917537764255556,0.13353663212160097,0.21655935248841543,0.0,0.3497598174538716,0.15873326361179352,0.006599408248851657,0.7694961915087424,-0.8998927364219693,0.3278738793178565,0.025337169
Town04_001620.png,0.43773839009287924,0.09475254006518899,0.1402160789010217,0.21127544694348324,0.0,0.34128085431329686,0.17877209186553955,0.00683332764220239,0.7573925171392643,-1.1876275206302047,0.33237188024309744,0.03801398
Town02_000960.png,0.36744741679566567,0.12775292089429055,0.19963085098829508,0.17487008077611843,0.0,0.2799089428275822,0.30473488569259644,0.015682026776138728,0.6479659645681243,-0.5101543968763782,0.3424634038554554,0.10457648
Town01_010140.png,0.4170813983488132,0.11425514269862448,0.181039953174651,0.20673235749408123,0.0,0.29689021668337007,0.26068276166915894,0.009592309005645602,0.6973190260791172,-1.007911526096714,0.3361024012094548,0.067010686
Town03_013920.png,0.3902797503869969,0.14553008195215772,0.1792104326096834,0.18443466271828649,0.0,0.2986546734704007,0.25636762380599976,0.007235621547380562,0.6853142723311824,-0.4712841073558942,0.30471675938923287,0.036077302
Town03_016760.png,0.3593801599587203,0.09033602895771302,0.19186189579318025,0.1659650864293085,0.0,0.28680449948571973,0.23119165003299713,0.010385583985916347,0.6519461934792966,-0.42889036626805677,0.3264818351109976,0.08232319
Town03_013960.png,0.43708920278637775,0.10600808261016688,0.14331402670335172,0.21158588144236024,0.0,0.3374845006992429,0.18806111812591553,0.006954959251502458,0.753078516019146,-0.9195677122927892,0.3157192425526374,0.012791941
Town02_007260.png,0.38455218008255937,0.10005779811548716,0.20550343786390535,0.19011204218013314,0.0,0.2748723534696103,0.2287984937429428,0.014064594462656064,0.6517219196985796,-0.7266835808782305,0.3293549093222417,0.13895148
Town02_001200.png,0.361671262254902,0.10980511576189597,0.19567032355351693,0.16909297746059207,0.0,0.28338998845007213,0.2866954505443573,0.0145012726633481,0.6489220819667586,-0.4733766613624018,0.33896003521194185,0.0915625
Town01_009060.png,0.4540917988906089,0.09638359188012863,0.1485658525329328,0.2282711743585463,0.0,0.331232408478503,0.20501139760017395,0.0065879432758655584,0.7534821764702517,-1.3407333268358128,0.3189712980791558,0.02341694
Town01_008100.png,0.4579391608617131,0.1031641851878283,0.16203188537845556,0.23596260693002702,0.0,0.3161597941255402,0.20727847516536713,0.007158468402841013,0.7386460442143727,-1.4927038857849155,0.32416872376959815,0.045625
Town03_015860.png,0.3973721781475748,0.10629967223865985,0.17325688051601942,0.18792259461189012,0.0,0.30452380045392663,0.200832337141037,0.008933424897306703,0.6963756438392856,-0.6895349286245707,0.32318300855405324,0.06398849
Town03_013420.png,0.3891998032765738,0.14825631545330795,0.18255928303536878,0.1848043786929116,0.0,0.2954384201371836,0.24209129810333252,0.011417115507193586,0.6807059346627301,-0.5019133081829777,0.3132147877919055,0.04972451
Town04_004800.png,0.42949745227038183,0.09304628161961076,0.13180294600488865,0.20184007808231644,0.0,0.35202993791852494,0.1690300703048706,0.006946440134361278,0.7651828745536403,-0.8888550104851625,0.33683429892627215,0.024712171
Town02_004620.png,0.3191161796955624,0.09918208922830123,0.18487248655116978,0.13601297242710295,0.0,0.29325107815156604,0.2910788059234619,0.009371306456018937,0.6331812618867615,-0.26015677694964295,0.320016119115659,0.13252056
Town03_017000.png,0.18627460655314756,0.10769592533836404,0.13440039707319784,0.052761695779963175,0.0,0.34863977801706925,0.41813287138938904,0.013670401692668813,0.580882839085947,0.8890181441344347,0.3409242112510496,0.2034745
Town04_004260.png,0.3903043891898865,0.08060337665171682,0.15699711867470323,0.17698561149304926,0.0,0.3216433100563115,0.16202664375305176,0.006501793844472774,0.7131432739602227,-0.6470701608991424,0.32115476492644235,0.04263158
Town03_013340.png,0.3878767092363261,0.14837009153107275,0.18332780363955486,0.18405742515530477,0.0,0.29470865311649275,0.24385686218738556,0.011479589454460832,0.6790504984927873,-0.49822094138029743,0.3138829699159048,0.051640626
Town03_018160.png,0.2247058984778122,0.11830150981838772,0.13896658224769726,0.06980445179232685,0.0,0.3428358316645963,0.3922053575515747,0.013246431155021342,0.6178798516877162,0.5860552286459402,0.33454278436476287,0.12700658
Town03_013620.png,0.4156814047987616,0.1029542861534814,0.1530755239741012,0.19622314633541754,0.0,0.32603769472987293,0.19503894448280334,0.008102841644913901,0.730859500326379,-0.8940010201975706,0.32049285907267905,0.030135691
Town02_003900.png,0.4381737938596491,0.10059571162441809,0.15636684206313425,0.21644686292215534,0.0,0.3223421151551984,0.19770625233650208,0.008915702968493899,0.7369955346292859,-1.170199695025006,0.33697548525919224,0.023404606
Town02_009600.png,0.31773529411764706,0.09990946744930557,0.213356397896386,0.1464766696513487,0.0,0.268357722176874,0.32010218501091003,0.012528584906614869,0.5982682442070474,-0.12960607588929315,0.34553292354558074,0.17952302
Town03_015000.png,0.2306839847781218,0.11739049204843152,0.14356781911237657,0.07382681951779677,0.0,0.33717714464717446,0.3980434834957123,0.013255705042594957,0.6163871018279584,0.6653916377934392,0.3310034466615231,0.11642681
Town03_013240.png,0.38919133771929826,0.14824651154171076,0.18232871127609304,0.18471365631133788,0.0,0.29565796138672906,0.24097344279289246,0.011708916105141746,0.6809758264416228,-0.5007412073074383,0.3137798379494674,0.0498972
Town03_012820.png,0.3569406927244582,0.095092892852756,0.17286264329993895,0.15728815157125808,0.0,0.30491952735835853,0.27483975887298584,0.008052238764442825,0.6737229995124092,-0.3918798109811123,0.3329759152687727,0.07390214
Town01_004980.png,0.4378580850103199,0.10646949981417786,0.17220424247679483,0.22137400373591132,0.0,0.3055824541923187,0.2131030559539795,0.012268945901373961,0.7177268047114773,-1.2489640774823583,0.3199426133577144,0.053556744
Town03_016780.png,0.3293607294891641,0.09162445903341684,0.19348126671539298,0.14591349069942736,0.0,0.2853444264165353,0.2448076605796814,0.010085120095509825,0.6299431412460622,-0.20009218052709218,0.3355047419059017,0.099337995
Town01_002580.png,0.44571170343137256,0.10599826374041917,0.17158377285984316,0.22809991368451404,0.0,0.3062095078914273,0.2341364175081253,0.007885997794370584,0.7220394778865803,-1.1717059565889958,0.32286593524920587,0.04824424
Town03_018860.png,0.3932423729360165,0.09184920507427222,0.16954291752714182,0.1833843647559643,0.0,0.3082881360689994,0.2032998949289322,0.007214991324187052,0.6987431611529614,-0.6403028092147239,0.31753184688876473,0.047972865
Town01_001920.png,0.4259361777605779,0.09363171741610773,0.17189489296566923,0.2109694817529696,0.0,0.3058948074128898,0.21833324432373047,0.010505038168518178,0.7124691214446404,-1.1241107010110027,0.33221213513725245,0.061052635
Town01_012660.png,0.45489147961816306,0.10723356292792019,0.1355437346017253,0.22529836221898455,0.0,0.34716820537411885,0.18809059262275696,0.010554061443979036,0.7704341960514239,-1.3297386985417272,0.35126601189536455,0.013046876
Town03_016960.png,0.18648195626934982,0.10774395510378193,0.13438774566563064,0.05283558619913392,0.0,0.3486561343139998,0.4186914563179016,0.013720638190776823,0.581176580780277,0.8874369436649124,0.3408800325084287,0.20318669
Town01_006720.png,0.33822145897832817,0.10260321148778988,0.1884901042327356,0.14992227470709638,0.0,0.289884553612238,0.2920309007167816,0.01572716996499322,0.6421379035068084,-0.3063132660721751,0.353166382956159,0.114198186
Town03_019560.png,0.38714110874613006,0.09515488972676955,0.1572847409430553,0.17461672781470694,0.0,0.3213253604734594,0.1897880733013153,0.009244063391610517,0.711099792449723,-0.6342988556475624,0.32317140038672343,0.04953536
Town03_014080.png,0.436796762125903,0.08849688806099756,0.1446012305316316,0.21170092727493478,0.0,0.3359312111194795,0.17534342408180237,0.0075703030463991575,0.7512870144251266,-0.8990075038595124,0.327955086617822,0.020982731
Town01_006240.png,0.4390527122033024,0.09909794895840823,0.15689743008745038,0.21738408766112224,0.0,0.3217536665327151,0.2020639032125473,0.008296003687852853,0.7367272545430581,-1.1421083144492694,0.33504738869010536,0.029954769
Town01_011220.png,0.4021030701754386,0.09770178510802612,0.17737429814054298,0.19314852068536406,0.0,0.3004437252412881,0.23841631412506104,0.008003016299399018,0.6939064269529245,-0.7386539337732185,0.31728866440847775,0.05351974
Town02_010080.png,0.37768135642414863,0.11206883119790317,0.1866220933867231,0.1774710127304276,0.0,0.2916147672387318,0.2651190161705017,0.014182495725328315,0.6692876971148826,-0.6404286838143057,0.33761895054587215,0.07786594
Town02_001620.png,0.38596305792053665,0.09763268884359252,0.1966948145290526,0.18765633214198985,0.0,0.2824828198808542,0.25181224942207336,0.011909314863716387,0.6624179920060249,-0.6205567143319878,0.3306496643988563,0.08502878
Town02_010740.png,0.4106983197884417,0.10363609304092417,0.18217123319711917,0.20185946808160826,0.0,0.29580807286959687,0.22978532314300537,0.008923212731945204,0.6927296530798205,-0.8633153992214602,0.32038988406753627,0.06365954
Town03_017640.png,0.40274296955624356,0.09490175282872178,0.16939823284713487,0.19089766081871357,0.0,0.30843644718654173,0.21199655532836914,0.007849117115886602,0.703922332174028,-0.7839254092908586,0.3240859927584884,0.03964638
Town01_006480.png,0.41288027283281736,0.10770710703661847,0.1744397228538698,0.20089933660383655,0.00059210527,0.30334182583617897,0.2438887059688568,0.011407653559359758,0.7029903218645139,-0.9604535645749658,0.33978949243294676,0.07505345
Town03_018760.png,0.2534017027863777,0.10611646287939926,0.16364857756041917,0.0909932799125842,0.0,0.31443509454794627,0.3841201961040497,0.010507897392703218,0.6076046815070707,0.5465887862356328,0.32690790794835595,0.13208058
Town03_016200.png,0.3938938177244582,0.09813610502135726,0.17180356531964963,0.18466880469809185,0.0,0.3059871229746548,0.18876414000988007,0.008923441262469899,0.6962977547775578,-0.6624964673574247,0.3206151863243288,0.07051809
Town01_012060.png,0.39386787280701757,0.10131933113201938,0.18808446974464196,0.1905076689886481,0.0013075657,0.2902588192297934,0.2392921894788742,0.01263464039640624,0.6768043428668092,-0.7995108193483391,0.3232074365638891,0.098630756
Town03_014140.png,0.42603344298245616,0.09009366940952628,0.15730509437210308,0.20624938725490202,0.0,0.32130287266206614,0.18711578845977783,0.007918373120662093,0.7303365296005945,-0.870602120803435,0.32186867564973526,0.031192437
